filename,label,split,confidence_score,original_width,original_height,crop_width,crop_height,mask_area_pct
001_jpg.png,Normal,train,0.8906790614128113,4288,2848,4223,1367,29.77
003_jpg.png,Normal,test,0.8946346044540405,4288,2848,3779,2010,38.51
004_JPG.png,Normal,test,0.8844497799873352,3008,2000,2834,1107,31.88
005_jpg.png,Normal,val,0.8443666100502014,4288,2848,4288,1437,23.5
008_JPG.png,Normal,val,0.9138755202293396,3008,2000,2859,1102,29.76
010_jpg.png,Normal,train,0.8769198656082153,4288,2848,4288,2000,44.69
012_jpg.png,TF,train,0.9311313033103943,4288,2848,4210,1636,34.1
014_jpg.png,TF,train,0.9408743977546692,4288,2848,3468,1588,25.03
015_jpg.png,Normal,train,0.8349922299385071,4288,2848,3975,1368,29.94
016_jpg.png,TI,train,0.9091620445251465,4288,2848,4288,1834,27.79
017_jpg.png,TF,train,0.9153393507003784,4288,2848,4152,1463,30.47
018_JPG.png,Normal,train,0.8628119826316833,3008,2000,2882,1419,44.41
019_jpg.png,Normal,train,0.9151788949966431,4288,2848,4042,1635,28.88
022_JPG.png,Normal,train,0.9208248853683472,3008,2000,3005,1054,31.53
024_jpg.png,TF,test,0.9421730637550354,4288,2848,4288,1536,33.61
027_jpg.png,Normal,test,0.8867745995521545,4288,2848,3814,1637,27.01
029_JPG.png,Normal,train,0.9169065952301025,3008,2000,2718,1030,29.58
0301001_1_jpg.png,TF,train,0.8230931758880615,2048,1536,1532,663,19.68
0301001_2_jpg.png,TF,val,0.8633262515068054,2048,1536,1477,625,17.64
0301002_4_jpg.png,Normal,train,0.8739896416664124,2048,1536,1630,554,17.3
0301002_5_jpg.png,Normal,train,0.8829629421234131,2048,1536,1577,580,16.47
0301003_7_jpg.png,TF,test,0.8851115107536316,2048,1536,1593,696,21.04
0301003_8_jpg.png,TF,train,0.8470349907875061,2048,1536,1401,689,17.85
0301003_9_jpg.png,TF,train,0.9090229272842407,2048,1536,1399,650,16.54
0301004_11_jpg.png,Normal,train,0.6984887719154358,2048,1536,1588,545,14.13
0301004_12_jpg.png,Normal,train,0.6836,2048,1536,1350,406,9.49
0301005_14_jpg.png,Normal,train,0.8666976094245911,2048,1536,1491,677,17.99
0301005_15_jpg.png,Normal,train,0.8794053792953491,2048,1536,1250,578,13.14
0301007_20_jpg.png,Normal,test,0.8266412019729614,2048,1536,1491,554,15.13
0301007_21_jpg.png,Normal,train,0.847433865070343,2048,1536,1525,537,14.03
0301007_22_jpg.png,Normal,train,0.7377262711524963,2048,1536,1603,547,15.4
0301008_24_jpg.png,Normal,train,0.8843507766723633,2048,1536,1698,749,21.45
0301008_25_jpg.png,Normal,train,0.8932348489761353,2048,1536,1614,746,20.34
0301010_30_jpg.png,Normal,train,0.865092396736145,2048,1536,1553,680,18.29
0301011_33_jpg.png,Normal,val,0.9224734902381897,2048,1536,1726,706,21.32
0301012_36_jpg.png,Normal,train,0.8593575954437256,2048,1536,1512,633,18.1
0301012_37_jpg.png,Normal,train,0.7638912200927734,2048,1536,1411,611,16.78
0301012_38_jpg.png,Normal,train,0.8781357407569885,2048,1536,1306,517,13.1
0301014_43_jpg.png,Normal,train,0.8544110059738159,2048,1536,1175,521,11.51
0301014_44_jpg.png,Normal,train,0.7953516840934753,2048,1536,1227,480,11.76
0301015_46_jpg.png,Normal,val,0.8366700410842896,2048,1536,1543,634,17.23
0301015_47_jpg.png,Normal,train,0.8212652802467346,2048,1536,1481,602,16.28
0301016_49_jpg.png,Normal,train,0.9191560745239258,2048,1536,1349,675,16.46
0301016_50_jpg.png,Normal,train,0.9154914617538452,2048,1536,1419,716,18.19
0301018_58_jpg.png,Normal,train,0.8695147633552551,2048,1536,1465,629,17.44
0301018_59_jpg.png,Normal,val,0.8842872977256775,2048,1536,1461,636,16.62
0301019_55_jpg.png,Normal,train,0.8642131686210632,2048,1536,1336,633,15.44
0301019_56_jpg.png,Normal,val,0.8956285119056702,2048,1536,1579,686,18.4
0301020_61_jpg.png,Normal,train,0.8709078431129456,2048,1536,1480,613,15.08
0301020_62_jpg.png,Normal,train,0.8341038823127747,2048,1536,1432,531,14.07
0301024_77_jpg.png,Normal,test,0.883848249912262,2048,1536,1381,614,14.11
0301024_78_jpg.png,Normal,train,0.8674432039260864,2048,1536,1340,596,13.94
0301025_80_jpg.png,Normal,val,0.9326897859573364,2048,1536,1558,683,19.82
0301025_81_jpg.png,Normal,train,0.93143230676651,2048,1536,1534,702,21.17
0301026_71_jpg.png,Normal,val,0.924235463142395,2048,1536,1471,551,15.13
0301026_72_jpg.png,Normal,train,0.9181334972381592,2048,1536,1379,518,14.18
0301027_83_jpg.png,Normal,val,0.8405943512916565,2048,1536,1374,677,16.47
0301027_84_jpg.png,Normal,train,0.7472753524780273,2048,1536,1420,589,15.99
0301028_86_jpg.png,Normal,train,0.9070819020271301,2048,1536,1630,547,16.01
0301028_87_jpg.png,Normal,train,0.920291543006897,2048,1536,1519,564,15.18
0301029_89_jpg.png,Normal,train,0.8721584677696228,2048,1536,1154,449,9.31
0301029_90_jpg.png,Normal,train,0.8883054852485657,2048,1536,1432,516,14.27
0301030_92_jpg.png,Normal,train,0.6674536466598511,2048,1536,1261,554,12.47
0301030_93_jpg.png,Normal,train,0.8833516240119934,2048,1536,1419,509,12.0
0301031_95_jpg.png,Normal,train,0.9257051944732666,2048,1536,1500,656,18.74
0301031_96_jpg.png,Normal,train,0.9466352462768555,2048,1536,1551,713,22.59
0301032_98_jpg.png,Normal,val,0.8859109282493591,2048,1536,1582,784,21.75
0301032_99_jpg.png,Normal,train,0.8656408190727234,2048,1536,1592,753,23.46
0301033_101_jpg.png,Normal,train,0.9260839819908142,2048,1536,1564,629,19.88
0301033_102_jpg.png,Normal,train,0.954123854637146,2048,1536,1642,649,20.26
0301034_107_jpg.png,Normal,test,0.8201302289962769,2048,1536,1155,552,12.63
0301034_108_jpg.png,Normal,train,0.8874257206916809,2048,1536,1471,673,19.02
0301038_117_jpg.png,Normal,train,0.8276183009147644,2048,1536,1278,558,14.16
0301038_118_jpg.png,Normal,train,0.8808466196060181,2048,1536,1531,624,18.35
0301039_120_jpg.png,Normal,train,0.9184697866439819,2048,1536,1838,692,21.47
0301039_121_jpg.png,Normal,test,0.7729862332344055,2048,1536,1490,531,13.48
0301042_129_jpg.png,Normal,test,0.9506920576095581,2048,1536,1549,620,18.04
0301042_130_jpg.png,Normal,val,0.9454757571220398,2048,1536,1512,596,17.23
0301044_136_jpg.png,Normal,val,0.8925141096115112,2048,1536,1775,680,20.74
0301044_137_jpg.png,Normal,train,0.7715480327606201,2048,1536,1662,508,16.62
0301046_142_jpg.png,Normal,train,0.8817554712295532,2048,1536,1878,654,24.16
0301046_143_jpg.png,Normal,test,0.8833390474319458,2048,1536,1637,539,17.35
0301047_145_jpg.png,Normal,train,0.9095242619514465,2048,1536,1491,490,14.18
0301047_146_jpg.png,Normal,train,0.9141613245010376,2048,1536,1636,583,16.82
0301048_148_jpg.png,Normal,test,0.8935826420783997,2048,1536,1458,595,16.11
0301048_149_jpg.png,Normal,train,0.8913871049880981,2048,1536,1360,500,12.14
0301049_151_jpg.png,Normal,train,0.8915818333625793,2048,1536,1389,544,13.47
0301049_152_jpg.png,Normal,train,0.9021598696708679,2048,1536,1458,537,13.9
0301049_153_jpg.png,Normal,train,0.8844346404075623,2048,1536,1332,543,12.67
0301050_155_jpg.png,Normal,train,0.9025391936302185,2048,1536,1582,763,21.67
0301050_156_jpg.png,Normal,test,0.9127234816551208,2048,1536,1524,671,17.81
0301051_158_jpg.png,Normal,train,0.9299275279045105,2048,1536,1722,709,21.0
0301051_159_jpg.png,Normal,train,0.9157616496086121,2048,1536,1705,693,20.65
0301052_161_jpg.png,Normal,train,0.8656637668609619,2048,1536,1340,542,13.4
0301052_162_jpg.png,Normal,train,0.8278205990791321,2048,1536,1280,588,11.98
0301053_164_jpg.png,Normal,train,0.8898231387138367,2048,1536,1520,643,18.17
0301053_165_jpg.png,Normal,test,0.8781632781028748,2048,1536,1512,609,18.1
0301054_167_jpg.png,Normal,train,0.8950605392456055,2048,1536,1466,697,19.56
0301054_168_jpg.png,Normal,train,0.9194267392158508,2048,1536,1549,666,18.52
0301054_169_jpg.png,Normal,train,0.8734352588653564,2048,1536,1534,636,17.26
0301055_171_jpg.png,Normal,train,0.9078046679496765,2048,1536,1327,567,13.3
0301055_172_jpg.png,Normal,train,0.8649401068687439,2048,1536,1444,603,15.45
0301056_174_jpg.png,Normal,train,0.8778683543205261,2048,1536,1550,544,14.02
0301056_175_jpg.png,Normal,train,0.8276900053024292,2048,1536,1516,481,12.97
0301057_177_jpg.png,Normal,train,0.8678956627845764,2048,1536,1597,600,16.52
0301057_178_jpg.png,Normal,test,0.8611589074134827,2048,1536,1723,602,18.71
0301058_180_jpg.png,Normal,train,0.6717226505279541,2048,1536,1547,493,15.09
0301058_181_jpg.png,Normal,val,0.6761627793312073,2048,1536,1673,534,18.0
0301059_183_jpg.png,Normal,test,0.8132421970367432,2048,1536,1493,475,12.88
0301059_184_jpg.png,Normal,train,0.7291488647460938,2048,1536,1426,542,13.3
0301061_189_jpg.png,Normal,train,0.8441822528839111,2048,1536,1441,607,15.02
0301061_190_jpg.png,Normal,train,0.8732260465621948,2048,1536,1566,639,17.4
0301063_195_jpg.png,Normal,test,0.8714476227760315,2048,1536,1411,548,13.85
0301064_197_jpg.png,Normal,train,0.9381773471832275,2048,1536,1645,557,17.89
0301064_198_jpg.png,Normal,train,0.9257646799087524,2048,1536,1596,580,18.81
0301065_200_jpg.png,Normal,val,0.8218425512313843,2048,1536,1517,609,17.56
0301065_201_jpg.png,Normal,test,0.885412335395813,2048,1536,1422,491,12.61
0301066_203_jpg.png,Normal,test,0.9339094161987305,2048,1536,1431,590,14.96
0301066_204_jpg.png,Normal,test,0.8550180792808533,2048,1536,1330,645,13.66
0301066_205_jpg.png,Normal,train,0.9176821112632751,2048,1536,1303,667,16.25
0301068_210_jpg.png,Normal,val,0.7653548717498779,2048,1536,1168,606,11.62
0301068_211_jpg.png,Normal,train,0.8256548047065735,2048,1536,1428,482,11.32
0301069_1_jpg.png,Normal,test,0.8389748930931091,2048,1536,1348,473,11.85
0301069_2_jpg.png,Normal,train,0.8407780528068542,2048,1536,1322,459,11.79
0301070_4_jpg.png,Normal,train,0.8869432210922241,2048,1536,1392,522,13.8
0301070_5_jpg.png,Normal,val,0.844773530960083,2048,1536,1391,525,13.41
0301071_7_jpg.png,Normal,train,0.8645785450935364,2048,1536,1442,575,16.48
0301071_8_jpg.png,Normal,train,0.8276211023330688,2048,1536,1260,584,13.82
0301072_13_jpg.png,Normal,train,0.813369870185852,2048,1536,1613,679,19.9
0301072_14_jpg.png,Normal,test,0.8095687627792358,2048,1536,1680,645,20.25
0301073_16_jpg.png,Normal,val,0.8164246678352356,2048,1536,1647,477,15.21
0301073_17_jpg.png,Normal,train,0.8954833149909973,2048,1536,1796,489,17.06
0301075_19_jpg.png,TF,train,0.9461179375648499,2048,1536,1723,775,25.0
0301075_20_jpg.png,TF,train,0.9078010320663452,2048,1536,1508,709,19.46
0301077_22_jpg.png,Normal,val,0.6567312479019165,2048,1536,1404,530,14.02
0301077_23_jpg.png,Normal,val,0.8249267339706421,2048,1536,1397,510,13.19
0301077_24_jpg.png,Normal,train,0.8379090428352356,2048,1536,1631,491,14.46
0301078_29_jpg.png,Normal,train,0.7992408275604248,2048,1536,1464,613,17.38
0301078_30_jpg.png,Normal,train,0.8995614647865295,2048,1536,1486,573,15.47
0301079_32_jpg.png,TF,test,0.9293432235717773,2048,1536,1531,650,17.82
0301079_33_jpg.png,TF,train,0.9079671502113342,2048,1536,1629,613,17.22
0301080_35_jpg.png,Normal,train,0.7891860604286194,2048,1536,1403,547,12.68
0301080_36_jpg.png,Normal,train,0.8898991942405701,2048,1536,1359,494,11.66
0301081_38_jpg.png,Normal,train,0.9019023776054382,2048,1536,1888,567,20.46
0301081_39_jpg.png,Normal,train,0.9045830368995667,2048,1536,1994,641,19.92
0301084_47_jpg.png,Normal,test,0.869715690612793,2048,1536,1657,591,17.55
0301084_48_jpg.png,Normal,test,0.793783962726593,2048,1536,1727,578,17.25
0301085_50_jpg.png,Normal,train,0.9270491600036621,2048,1536,1515,803,22.76
0301085_51_jpg.png,Normal,train,0.9380322098731995,2048,1536,1521,727,19.58
0301087_55_jpg.png,Normal,test,0.886073887348175,2048,1536,1531,657,18.55
0301087_56_jpg.png,Normal,val,0.8766837120056152,2048,1536,1500,628,16.55
0301090_64_jpg.png,Normal,train,0.8470820188522339,2048,1536,1620,582,17.58
0301090_65_jpg.png,Normal,val,0.7652458548545837,2048,1536,1542,536,13.97
0301091_67_jpg.png,Normal,train,0.9044557213783264,2048,1536,1725,606,18.9
0301091_68_jpg.png,Normal,train,0.8670991659164429,2048,1536,1572,617,16.67
0301092_70_jpg.png,Normal,train,0.863035261631012,2048,1536,1428,541,13.56
0301092_71_jpg.png,Normal,train,0.8365484476089478,2048,1536,1466,494,12.59
0301094_73_jpg.png,Normal,train,0.9130922555923462,2048,1536,1384,567,14.91
0301094_74_jpg.png,Normal,train,0.8928101062774658,2048,1536,1422,535,14.43
0301095_79_jpg.png,Normal,test,0.9269086718559265,2048,1536,1665,640,19.17
0301095_80_jpg.png,Normal,train,0.8717041015625,2048,1536,1504,574,15.43
0301096_82_jpg.png,Normal,train,0.8504507541656494,2048,1536,1383,556,13.33
0301096_83_jpg.png,Normal,train,0.8557309508323669,2048,1536,1405,578,14.76
0301097_85_jpg.png,Normal,train,0.9099202156066895,2048,1536,1582,676,19.57
0301097_86_jpg.png,Normal,test,0.919879674911499,2048,1536,1577,658,19.02
0301098_88_jpg.png,Normal,train,0.9139212369918823,2048,1536,1510,674,18.34
0301098_89_jpg.png,Normal,train,0.9172662496566772,2048,1536,1505,658,17.05
0301099_91_jpg.png,Normal,train,0.7087206840515137,2048,1536,1213,650,15.27
0301099_92_jpg.png,Normal,test,0.8689172863960266,2048,1536,1541,670,19.09
0301100_94_jpg.png,Normal,train,0.9019098281860352,2048,1536,1523,698,18.5
0301100_95_jpg.png,Normal,train,0.7503373622894287,2048,1536,1462,508,14.52
0301104_107_jpg.png,Normal,train,0.8378432989120483,2048,1536,1625,648,16.39
0301104_108_jpg.png,Normal,train,0.7078701853752136,2048,1536,1503,634,18.99
0301105_110_jpg.png,Normal,train,0.8682369589805603,2048,1536,1810,663,21.95
0301105_111_jpg.png,Normal,test,0.8416774272918701,2048,1536,1757,610,20.18
0301106_113_jpg.png,Normal,val,0.8814752101898193,2048,1536,1264,565,13.95
0301106_114_jpg.png,Normal,train,0.8973868489265442,2048,1536,1506,582,17.05
0302001_135_jpg.png,Normal,val,0.9032081365585327,2048,1536,1711,641,20.07
0302001_136_jpg.png,Normal,val,0.9060911536216736,2048,1536,1614,654,19.24
0302002_138_jpg.png,Normal,test,0.9519168734550476,2048,1536,1642,646,17.59
0302002_139_jpg.png,Normal,train,0.8341425657272339,2048,1536,1481,430,11.19
0302004_145_jpg.png,Normal,test,0.8994718194007874,2048,1536,1439,709,18.49
0302004_146_jpg.png,Normal,val,0.8899796605110168,2048,1536,1370,746,19.27
0302004_147_jpg.png,Normal,val,0.8924395442008972,2048,1536,1471,740,20.21
0302005_129_jpg.png,Normal,train,0.9036086201667786,2048,1536,1582,733,21.03
0302005_130_jpg.png,Normal,val,0.8480628728866577,2048,1536,1574,779,23.13
0302007_149_jpg.png,Normal,train,0.9235195517539978,2048,1536,1592,621,17.6
0302007_150_jpg.png,Normal,train,0.9411659836769104,2048,1536,1743,584,18.64
0302011_1_jpg.png,Normal,test,0.7610635161399841,2048,1536,1321,535,12.77
0302011_2_jpg.png,Normal,train,0.792168140411377,2048,1536,1602,582,15.87
0302012_4_jpg.png,Normal,train,0.9268245697021484,2048,1536,1757,705,21.48
0302012_5_jpg.png,Normal,train,0.8889865279197693,2048,1536,1707,685,21.52
0302013_7_jpg.png,Normal,train,0.9035077691078186,2048,1536,1456,627,16.7
0302013_8_jpg.png,Normal,test,0.7785136699676514,2048,1536,1563,636,18.49
0302014_10_jpg.png,Normal,test,0.8812093138694763,2048,1536,1761,543,17.34
0302014_11_jpg.png,Normal,train,0.8288876414299011,2048,1536,1491,570,15.94
0302015_13_jpg.png,Normal,train,0.9227247834205627,2048,1536,1146,540,10.82
0302015_14_jpg.png,Normal,train,0.8949580788612366,2048,1536,1589,665,16.83
0302017_19_jpg.png,Normal,train,0.8463060259819031,2048,1536,1585,588,15.12
0302017_20_jpg.png,Normal,train,0.8766837120056152,2048,1536,1614,540,15.2
0302018_22_jpg.png,Normal,val,0.8475949168205261,2048,1536,1465,597,15.21
0302018_23_jpg.png,Normal,train,0.7035186290740967,2048,1536,1389,538,13.89
0302019_25_jpg.png,Normal,test,0.850348174571991,2048,1536,1259,559,12.35
0302019_26_jpg.png,Normal,train,0.9079151153564453,2048,1536,1330,567,12.86
0302020_28_jpg.png,Normal,val,0.9374000430107117,2048,1536,1510,693,20.3
0302021_31_jpg.png,Normal,train,0.9068811535835266,2048,1536,1317,478,12.0
0302021_32_jpg.png,TF,val,0.892457127571106,2048,1536,1366,566,14.21
0302023_37_jpg.png,Normal,train,0.8737214207649231,2048,1536,1396,645,15.88
0302023_38_jpg.png,Normal,train,0.8378675580024719,2048,1536,1439,699,18.17
0302023_39_jpg.png,Normal,train,0.9136345982551575,2048,1536,1374,717,17.64
0302025_44_jpg.png,Normal,train,0.8892136216163635,2048,1536,1270,597,14.28
0302025_45_jpg.png,Normal,train,0.7873728275299072,2048,1536,1529,639,17.13
0302028_53_jpg.png,Normal,test,0.8026307225227356,2048,1536,1328,490,11.15
0302028_54_jpg.png,Normal,test,0.9078099131584167,2048,1536,1433,542,15.17
0302029_56_jpg.png,Normal,train,0.8751669526100159,2048,1536,1533,567,16.72
0302029_57_jpg.png,Normal,train,0.8627417683601379,2048,1536,1478,558,15.27
0302032_65_jpg.png,Normal,train,0.8814002871513367,2048,1536,1285,578,13.43
0302032_66_jpg.png,Normal,train,0.9002048373222351,2048,1536,1340,578,14.29
0302033_68_jpg.png,Normal,train,0.9315199255943298,2048,1536,1712,673,21.9
0302033_69_jpg.png,Normal,train,0.9263818264007568,2048,1536,1604,626,18.22
0302034_71_jpg.png,Normal,train,0.8187302350997925,2048,1536,1397,531,12.92
0302034_72_jpg.png,Normal,train,0.806525468826294,2048,1536,1436,570,13.71
0302035_74_jpg.png,Normal,train,0.8623473644256592,2048,1536,1453,628,15.39
0302035_75_jpg.png,Normal,val,0.8458019495010376,2048,1536,1424,584,14.69
0302036_77_jpg.png,Normal,train,0.7990421652793884,2048,1536,1455,585,16.19
0302036_78_jpg.png,Normal,test,0.8478856086730957,2048,1536,1567,574,18.23
0302037_80_jpg.png,Normal,train,0.585265040397644,2048,1536,1635,671,15.17
0302037_81_jpg.png,Normal,val,0.5021626949310303,2048,1536,1510,530,12.17
0302040_89_jpg.png,Normal,train,0.9006072282791138,2048,1536,1565,633,18.78
0302040_90_jpg.png,Normal,train,0.9274141192436218,2048,1536,1352,613,15.06
0302041_92_jpg.png,TF,train,0.8921934962272644,2048,1536,1566,609,19.48
0302041_93_jpg.png,TF,val,0.8936054110527039,2048,1536,1501,686,20.84
0302042_95_jpg.png,Normal,test,0.9118068218231201,2048,1536,1440,621,16.02
0302042_96_jpg.png,Normal,train,0.8710201978683472,2048,1536,1432,556,14.37
0302043_98_jpg.png,Normal,train,0.7951584458351135,2048,1536,1542,614,15.11
0302043_99_jpg.png,Normal,train,0.8520476818084717,2048,1536,1345,539,12.45
0302044_101_jpg.png,Normal,train,0.8414780497550964,2048,1536,1475,591,15.51
0302044_102_jpg.png,Normal,train,0.8601555228233337,2048,1536,1558,600,17.34
0302045_104_jpg.png,Normal,train,0.7501906752586365,2048,1536,1178,431,9.65
0302045_105_jpg.png,Normal,test,0.8999932408332825,2048,1536,1359,524,12.73
0302046_107_jpg.png,Normal,train,0.8744996786117554,2048,1536,1528,563,17.21
0302046_108_jpg.png,Normal,train,0.9003917574882507,2048,1536,1604,512,16.73
0302047_110_jpg.png,Normal,train,0.8092004656791687,2048,1536,1420,494,12.02
0302047_111_jpg.png,Normal,val,0.816597044467926,2048,1536,1336,517,12.18
0302048_113_jpg.png,Normal,train,0.8936143517494202,2048,1536,1338,488,12.33
0302048_114_jpg.png,Normal,train,0.8480463624000549,2048,1536,1616,514,14.97
0302049_116_jpg.png,Normal,train,0.936829686164856,2048,1536,1267,609,13.92
0302049_117_jpg.png,Normal,train,0.9213802218437195,2048,1536,1260,669,15.74
0302050_119_jpg.png,Normal,train,0.8226547837257385,2048,1536,1206,561,12.61
0302050_120_jpg.png,Normal,train,0.8479030132293701,2048,1536,1245,575,13.2
0302051_122_jpg.png,Normal,train,0.9323078393936157,2048,1536,1734,664,19.86
0302051_123_jpg.png,Normal,train,0.9338226318359375,2048,1536,1587,645,19.57
0302052_125_jpg.png,TF,test,0.9293735027313232,2048,1536,1725,635,21.0
0302052_126_jpg.png,TF,train,0.93186354637146,2048,1536,1524,613,17.36
0302053_128_jpg.png,Normal,train,0.8873220086097717,2048,1536,1367,684,16.25
0302053_129_jpg.png,Normal,test,0.8843086957931519,2048,1536,1525,721,19.25
0302055_134_jpg.png,Normal,train,0.9251713156700134,2048,1536,1625,584,16.69
0302055_135_jpg.png,Normal,test,0.928392767906189,2048,1536,1572,534,16.19
0302056_137_jpg.png,Normal,train,0.9075679779052734,2048,1536,1544,577,16.57
0302056_138_jpg.png,Normal,train,0.8535356521606445,2048,1536,1294,532,13.49
0302057_140_jpg.png,Normal,train,0.8639071583747864,2048,1536,1424,650,16.35
0302057_141_jpg.png,Normal,train,0.8826324939727783,2048,1536,1414,588,15.51
0302058_143_jpg.png,Normal,test,0.8573535680770874,2048,1536,1542,481,13.48
0302058_144_jpg.png,Normal,val,0.902900755405426,2048,1536,1527,508,13.27
0302059_146_jpg.png,Normal,train,0.9234403967857361,2048,1536,1292,606,13.7
0302059_147_jpg.png,Normal,train,0.9134605526924133,2048,1536,1314,525,12.35
0302061_152_jpg.png,Normal,train,0.9148326516151428,2048,1536,1354,652,16.51
0302061_153_jpg.png,Normal,train,0.865877628326416,2048,1536,1270,559,13.4
0302066_167_jpg.png,Normal,train,0.9404135942459106,2048,1536,1661,805,26.32
0302066_168_jpg.png,Normal,test,0.9230570793151855,2048,1536,1683,709,22.71
0302068_173_jpg.png,Normal,val,0.8754501342773438,2048,1536,1249,576,14.7
0302068_174_jpg.png,Normal,train,0.9341739416122437,2048,1536,1286,575,13.68
0302070_179_jpg.png,Normal,train,0.892739474773407,2048,1536,1591,629,19.16
0302070_180_jpg.png,Normal,train,0.8502137064933777,2048,1536,1604,671,20.47
0302072_185_jpg.png,Normal,train,0.9063981771469116,2048,1536,1552,630,19.18
0302072_186_jpg.png,Normal,train,0.8955184817314148,2048,1536,1612,675,21.56
0302073_188_jpg.png,Normal,train,0.8945090174674988,2048,1536,1546,643,20.09
0302073_189_jpg.png,Normal,train,0.9123839735984802,2048,1536,1634,661,20.87
0302074_191_jpg.png,TF,train,0.9449794292449951,2048,1536,1582,621,18.71
0302074_192_jpg.png,TF,train,0.9034101963043213,2048,1536,1450,705,17.27
0302076_197_jpg.png,Normal,train,0.8993459343910217,2048,1536,1514,701,19.85
0302076_198_jpg.png,Normal,train,0.8907445669174194,2048,1536,1446,665,18.43
0302077_200_jpg.png,Normal,test,0.9174318313598633,2048,1536,1663,636,19.43
0302077_201_jpg.png,Normal,train,0.9044579863548279,2048,1536,1567,636,18.15
0302078_203_jpg.png,TF,train,0.8385860323905945,2048,1536,1359,601,14.86
0302078_204_jpg.png,TF,test,0.8844753503799438,2048,1536,1467,706,20.08
0302079_206_jpg.png,TF,train,0.9016113877296448,2048,1536,1501,608,16.41
0302079_207_jpg.png,TF,val,0.910058319568634,2048,1536,1557,581,17.01
0302080_1_jpg.png,Normal,train,0.8950093388557434,2048,1536,1486,674,18.18
0302080_2_jpg.png,Normal,train,0.9275373220443726,2048,1536,1505,580,16.68
0302081_4_jpg.png,Normal,test,0.8809237480163574,2048,1536,1345,607,14.48
0302081_5_jpg.png,Normal,train,0.8284619450569153,2048,1536,1578,595,16.8
0302082_7_jpg.png,Normal,train,0.9432591795921326,2048,1536,1528,723,19.27
0302082_8_jpg.png,Normal,train,0.8643973469734192,2048,1536,1621,712,20.37
0302084_13_jpg.png,Normal,train,0.9282152056694031,2048,1536,1246,574,12.69
0302084_14_jpg.png,Normal,val,0.9017528891563416,2048,1536,1411,478,13.04
0302085_16_jpg.png,Normal,train,0.9280328154563904,2048,1536,1655,600,17.88
0302085_17_jpg.png,Normal,train,0.9106553196907043,2048,1536,1598,537,16.64
0302085_18_jpg.png,Normal,train,0.9204673171043396,2048,1536,1683,595,17.45
0302085_19_jpg.png,Normal,test,0.9257636070251465,2048,1536,1592,537,15.55
0303021_1_jpg.png,TF,train,0.8412136435508728,2048,1536,1277,537,12.22
0303021_2_jpg.png,TF,train,0.693663477897644,2048,1536,1389,519,13.57
0303025_13_jpg.png,Normal,val,0.9484171867370605,2048,1536,1475,712,18.01
0303025_14_jpg.png,Normal,train,0.9168440103530884,2048,1536,1504,711,18.35
0303027_19_jpg.png,TF,train,0.8943051695823669,2048,1536,1376,569,13.73
0303027_20_jpg.png,TF,train,0.8156321048736572,2048,1536,1300,603,13.82
0303029_25_jpg.png,Normal,val,0.8417272567749023,2048,1536,1500,581,15.69
0303029_26_jpg.png,Normal,train,0.8464621901512146,2048,1536,1590,599,17.12
0303030_28_jpg.png,TF,val,0.8779031038284302,2048,1536,1585,604,18.57
0303030_29_jpg.png,TF,train,0.6459347009658813,2048,1536,1714,574,16.55
0303031_31_jpg.png,Normal,train,0.8089183568954468,2048,1536,1444,624,15.58
0303031_32_jpg.png,Normal,train,0.8898112773895264,2048,1536,1444,696,18.41
0303032_34_jpg.png,Normal,train,0.884675145149231,2048,1536,1450,685,18.03
0303032_35_jpg.png,Normal,train,0.8017120957374573,2048,1536,1456,780,19.57
0303033_37_jpg.png,Normal,train,0.7239545583724976,2048,1536,1456,513,13.3
0303033_38_jpg.png,Normal,val,0.8910472393035889,2048,1536,1310,500,12.26
0303035_43_jpg.png,Normal,train,0.8606535196304321,2048,1536,1573,568,15.64
0303035_44_jpg.png,Normal,train,0.8650092482566833,2048,1536,1412,533,14.35
0303035_45_jpg.png,Normal,train,0.8991963863372803,2048,1536,1326,485,11.92
0303038_54_jpg.png,Normal,train,0.9022870063781738,2048,1536,1356,746,18.78
0303038_55_jpg.png,Normal,train,0.9095503687858582,2048,1536,1369,730,18.62
0303039_57_jpg.png,Normal,train,0.8803357481956482,2048,1536,1448,612,15.74
0303039_58_jpg.png,Normal,val,0.8199542760848999,2048,1536,1713,630,17.63
0303043_70_jpg.png,Normal,train,0.8893122673034668,2048,1536,1469,575,14.99
0303043_71_jpg.png,Normal,train,0.874431312084198,2048,1536,1398,611,15.33
0303045_76_jpg.png,Normal,train,0.9552660584449768,2048,1536,1384,590,15.56
0303045_77_jpg.png,Normal,val,0.9360968470573425,2048,1536,1537,647,18.83
0303048_88_jpg.png,Normal,train,0.8465386033058167,2048,1536,1224,581,12.3
0303048_89_jpg.png,Normal,test,0.8919333219528198,2048,1536,1104,564,10.79
0303049_85_jpg.png,Normal,train,0.8657492995262146,2048,1536,1546,757,19.59
0303049_86_jpg.png,Normal,train,0.8848789930343628,2048,1536,1417,688,17.07
0303051_94_jpg.png,Normal,train,0.8977205753326416,2048,1536,1649,635,20.21
0303051_95_jpg.png,Normal,train,0.8586392402648926,2048,1536,1626,591,17.59
0303052_97_jpg.png,Normal,train,0.8563846349716187,2048,1536,1388,611,15.54
0303052_98_jpg.png,Normal,val,0.9011107683181763,2048,1536,1265,552,12.47
0303053_100_jpg.png,TF,train,0.8312839865684509,2048,1536,1441,513,12.79
0303053_101_jpg.png,Normal,train,0.8679297566413879,2048,1536,1516,465,12.85
0303055_106_jpg.png,Normal,train,0.8545994758605957,2048,1536,1563,672,17.77
0303055_107_jpg.png,Normal,train,0.8697434067726135,2048,1536,1520,629,18.05
0303056_109_jpg.png,Normal,train,0.8786516189575195,2048,1536,1499,490,12.92
0303057_111_jpg.png,Normal,train,0.7020298838615417,2048,1536,1141,503,10.97
0303057_112_jpg.png,Normal,train,0.7654316425323486,2048,1536,1105,606,12.49
0303057_113_jpg.png,Normal,train,0.8051441311836243,2048,1536,1570,619,17.88
0303058_115_jpg.png,Normal,train,0.8108380436897278,2048,1536,1153,467,10.26
0303058_116_jpg.png,Normal,test,0.6858204007148743,2048,1536,1181,448,11.25
0303059_118_jpg.png,TF,train,0.8881127238273621,2048,1536,1648,786,23.96
0303059_119_jpg.png,TF,train,0.8954322338104248,2048,1536,1381,664,16.75
0303060_121_jpg.png,TF,test,0.9373655319213867,2048,1536,1538,797,23.56
0303060_122_jpg.png,TF,val,0.9505565762519836,2048,1536,1613,786,23.02
0303062_127_jpg.png,Normal,train,0.8786015510559082,2048,1536,1505,715,19.15
0303062_128_jpg.png,Normal,val,0.8430101871490479,2048,1536,1475,642,16.6
0303063_130_jpg.png,Normal,train,0.9033876657485962,2048,1536,1765,717,25.94
0303063_131_jpg.png,Normal,train,0.8514275550842285,2048,1536,1646,569,18.0
0303068_144_jpg.png,Normal,test,0.8889859318733215,2048,1536,1448,587,14.82
0303068_145_jpg.png,Normal,val,0.8636201620101929,2048,1536,1475,581,15.35
0303069_147_jpg.png,Normal,train,0.9240572452545166,2048,1536,1470,621,16.71
0303069_148_jpg.png,Normal,train,0.9043241739273071,2048,1536,1449,650,16.58
0303079_178_jpg.png,Normal,train,0.9149692058563232,2048,1536,1477,633,16.67
0303079_179_jpg.png,Normal,train,0.8776342868804932,2048,1536,1457,641,17.02
0303080_181_jpg.png,TF,train,0.852287232875824,2048,1536,1672,523,17.55
0303080_182_jpg.png,TF,val,0.6730983257293701,2048,1536,1618,599,19.34
0303080_183_jpg.png,TF,train,0.8705066442489624,2048,1536,1748,685,21.52
0303082_188_jpg.png,Normal,val,0.9231611490249634,2048,1536,1354,583,15.01
0303082_189_jpg.png,Normal,train,0.9501747488975525,2048,1536,1440,567,15.62
0303083_191_jpg.png,Normal,train,0.9046288728713989,2048,1536,1751,667,20.83
0303083_192_jpg.png,Normal,train,0.933076024055481,2048,1536,1620,646,19.96
0303084_194_jpg.png,Normal,train,0.8929175734519958,2048,1536,1490,694,18.4
0303084_195_jpg.png,Normal,train,0.8123089075088501,2048,1536,1491,672,16.97
0303086_200_jpg.png,Normal,val,0.8683404922485352,2048,1536,1360,683,16.16
0303087_202_jpg.png,TF,train,0.8445383906364441,2048,1536,1590,618,14.99
0303087_203_jpg.png,TF,train,0.8559317588806152,2048,1536,1612,667,18.76
0303088_205_jpg.png,Normal,train,0.7454863786697388,2048,1536,1479,667,18.48
0303088_206_jpg.png,Normal,train,0.8152233362197876,2048,1536,1412,603,15.7
0303089_208_jpg.png,Normal,val,0.8916163444519043,2048,1536,1525,539,15.32
0303089_209_jpg.png,Normal,train,0.8990312814712524,2048,1536,1482,540,15.16
0303090_1_jpg.png,Normal,train,0.7470974922180176,2048,1536,1225,425,8.98
0303090_2_jpg.png,Normal,train,0.7838732004165649,2048,1536,1587,481,15.85
0303091_4_jpg.png,TF,test,0.9185930490493774,2048,1536,1727,732,22.83
0303091_5_jpg.png,TF,train,0.9047669768333435,2048,1536,1626,695,20.07
0303092_7_jpg.png,Normal,train,0.8810952305793762,2048,1536,1446,563,14.54
0303092_8_jpg.png,Normal,train,0.9418554306030273,2048,1536,1515,607,16.28
0303093_10_jpg.png,Normal,test,0.9102795720100403,2048,1536,1655,501,14.89
0303093_11_jpg.png,Normal,train,0.907378077507019,2048,1536,1600,648,18.54
0303094_13_jpg.png,Normal,train,0.8656996488571167,2048,1536,1417,555,15.25
0303094_14_jpg.png,Normal,test,0.8496450781822205,2048,1536,1362,537,14.14
0303095_16_jpg.png,TF,train,0.8972397446632385,2048,1536,1667,617,18.57
0303095_17_jpg.png,TF,val,0.8363621830940247,2048,1536,1579,630,18.43
0303096_19_jpg.png,Normal,train,0.9613884687423706,2048,1536,1329,727,17.79
0303096_20_jpg.png,Normal,train,0.9467626214027405,2048,1536,1463,761,21.64
0303097_22_jpg.png,TF,train,0.8856849670410156,2048,1536,1359,576,13.35
0303097_23_jpg.png,TF,train,0.8336440324783325,2048,1536,1453,597,14.88
0303100_31_jpg.png,TF,train,0.8240554332733154,2048,1536,1284,530,12.48
0303100_32_jpg.png,TF,val,0.860271692276001,2048,1536,1431,485,13.18
0303102_37_jpg.png,TF,train,0.8708099722862244,2048,1536,1543,706,19.5
0303102_38_jpg.png,Normal,test,0.878635823726654,2048,1536,1585,724,19.97
0303105_46_jpg.png,Normal,val,0.8943765163421631,2048,1536,1392,620,14.65
0303105_47_jpg.png,Normal,train,0.8688153028488159,2048,1536,1292,568,13.19
0303107_52_jpg.png,TF,train,0.8089849948883057,2048,1536,1800,724,23.21
0303107_53_jpg.png,TF,train,0.8290702104568481,2048,1536,1685,730,20.28
0303107_54_jpg.png,TF,test,0.8017189502716064,2048,1536,1574,631,18.39
0303108_56_jpg.png,Normal,train,0.8734846115112305,2048,1536,1469,516,14.69
0303108_57_jpg.png,Normal,test,0.7485415935516357,2048,1536,1266,407,9.95
0303109_59_jpg.png,Normal,train,0.7204568386077881,2048,1536,1713,584,19.16
0303109_60_jpg.png,Normal,train,0.7903252840042114,2048,1536,1611,623,20.21
0304001_65_jpg.png,Normal,train,0.6373254060745239,2048,1536,1677,651,17.88
0304001_66_jpg.png,Normal,train,0.8935602903366089,2048,1536,1536,596,17.04
0304002_68_jpg.png,TF,train,0.5581269264221191,2048,1536,1420,521,14.67
0304002_69_jpg.png,TF,train,0.7439242005348206,2048,1536,1265,542,13.59
0304002_70_jpg.png,TF,train,0.5278835296630859,2048,1536,1459,546,14.05
0304003_72_jpg.png,Normal,test,0.8974886536598206,2048,1536,1573,670,18.41
0304003_73_jpg.png,Normal,test,0.9110662937164307,2048,1536,1481,618,15.27
0304004_75_jpg.png,Normal,test,0.9002750515937805,2048,1536,1459,699,16.93
0304004_76_jpg.png,Normal,train,0.8738173246383667,2048,1536,1415,585,14.35
0304005_78_jpg.png,TF,train,0.8868629932403564,2048,1536,1382,701,17.2
0304005_79_jpg.png,TF,train,0.8034616708755493,2048,1536,1383,719,17.43
0304007_84_jpg.png,Normal,train,0.7642384767532349,2048,1536,1707,563,17.64
0304007_85_jpg.png,Normal,train,0.7626131176948547,2048,1536,1722,588,19.86
0304008_87_jpg.png,TF,train,0.8732847571372986,2048,1536,1550,536,13.85
0304008_88_jpg.png,TF,test,0.8561816215515137,2048,1536,1263,435,9.3
0304008_89_jpg.png,Normal,train,0.7659512162208557,2048,1536,1374,561,13.65
0304009_91_jpg.png,Normal,val,0.9017137289047241,2048,1536,1346,467,11.83
0304009_92_jpg.png,Normal,train,0.8103438019752502,2048,1536,1281,503,11.64
0304010_94_jpg.png,Normal,test,0.8173801302909851,2048,1536,1030,393,7.71
0304010_95_jpg.png,Normal,val,0.8820720314979553,2048,1536,1235,432,9.11
0304011_97_jpg.png,Normal,test,0.9143266081809998,2048,1536,1698,691,20.99
0304011_98_jpg.png,Normal,test,0.9376714825630188,2048,1536,1587,648,18.3
0304013_103_jpg.png,Normal,test,0.7436250448226929,2048,1536,1494,608,16.11
0304013_104_jpg.png,Normal,train,0.8205417990684509,2048,1536,1465,600,16.09
0304014_106_jpg.png,Normal,train,0.8875823616981506,2048,1536,1702,668,20.21
0304014_107_jpg.png,Normal,train,0.8393787145614624,2048,1536,1709,653,18.88
0304015_109_jpg.png,Normal,val,0.8762660026550293,2048,1536,1202,585,11.35
0304015_110_jpg.png,Normal,train,0.7563601732254028,2048,1536,1260,509,11.5
0304016_112_jpg.png,TF,train,0.8819918036460876,2048,1536,1625,699,20.34
0304016_113_jpg.png,TF,train,0.9193313717842102,2048,1536,1317,619,14.89
0304018_118_jpg.png,Normal,train,0.8453492522239685,2048,1536,1325,641,15.65
0304018_119_jpg.png,Normal,train,0.7719064950942993,2048,1536,1413,661,16.63
0304020_124_jpg.png,TF,train,0.8365551233291626,2048,1536,1525,491,15.38
0304020_125_jpg.png,TF,train,0.7793010473251343,2048,1536,1235,473,10.12
0304020_126_jpg.png,Normal,train,0.6492682099342346,2048,1536,1724,690,20.21
0304021_128_jpg.png,Normal,test,0.8699973225593567,2048,1536,1333,574,13.01
0304021_129_jpg.png,Normal,val,0.9144128561019897,2048,1536,1149,542,11.65
0304022_131_jpg.png,Normal,train,0.8741695284843445,2048,1536,1542,613,17.52
0304022_132_jpg.png,Normal,train,0.8564839959144592,2048,1536,1508,602,16.53
0304023_134_jpg.png,TF,train,0.8274438381195068,2048,1536,1538,545,14.94
0304023_135_jpg.png,TF,test,0.9002124071121216,2048,1536,1647,627,19.14
0304024_137_jpg.png,TF,test,0.9134839773178101,2048,1536,1471,578,14.5
0304024_138_jpg.png,Normal,train,0.758536159992218,2048,1536,1303,524,11.28
0304025_140_jpg.png,Normal,test,0.8267756104469299,2048,1536,1404,656,17.69
0304025_141_jpg.png,TF,train,0.6998323798179626,2048,1536,1521,667,17.91
0304026_143_jpg.png,Normal,train,0.8130948543548584,2048,1536,1274,547,11.88
0304026_144_jpg.png,Normal,train,0.8385756015777588,2048,1536,1332,575,12.76
0304027_146_jpg.png,Normal,train,0.8771594762802124,2048,1536,1288,627,14.12
0304027_147_jpg.png,Normal,val,0.8169029355049133,2048,1536,1338,629,15.22
0304027_148_jpg.png,Normal,test,0.7262223362922668,2048,1536,1448,694,18.91
031_jpg.png,Normal,train,0.9438894391059875,4288,2848,3878,1993,37.09
032_jpg.png,Normal,val,0.9387622475624084,4288,2848,4155,1674,36.17
036_jpg.png,TF,test,0.9284425973892212,4288,2848,4288,1490,31.53
037_JPG.png,Normal,train,0.8559407591819763,3008,2000,2797,1420,31.72
039_jpg.png,TF,train,0.9269099235534668,4288,2848,4241,1630,32.27
040_jpg.png,Normal,val,0.9425840973854065,4288,2848,4271,2157,41.81
041_jpg.png,Normal,train,0.8671947121620178,4288,2848,4288,1526,30.48
042_JPG.png,Normal,train,0.921591579914093,3008,2000,2585,1126,21.75
043_jpg.png,Normal,val,0.9428329467773438,4288,2848,4288,1860,40.6
044_JPG.png,Normal,train,0.9170442223548889,3008,2000,2860,1198,31.35
046_jpg.png,Normal,train,0.9464017152786255,4288,2848,4090,1708,30.32
047_jpg.png,TF,train,0.9486158490180969,4288,2848,3880,1668,31.22
048_jpg.png,TF,train,0.944469153881073,4288,2848,3564,1868,35.57
049_jpg.png,Normal,train,0.9379463195800781,4288,2848,4288,2348,53.26
050_JPG.png,Normal,val,0.8309401273727417,3008,2000,3008,788,26.87
052_jpg.png,TF,train,0.9376677870750427,4288,2848,4250,2010,44.65
053_jpg.png,Normal,test,0.8313542604446411,4288,2848,3819,1588,32.78
055_jpg.png,Normal,train,0.9344229698181152,4288,2848,4040,851,15.87
057_jpg.png,Normal,train,0.8976477980613708,4288,2848,3458,1912,25.94
058_jpg.png,Normal,val,0.913693368434906,4288,2848,4167,1741,34.35
063_jpg.png,Normal,train,0.8954105377197266,4288,2848,4288,1475,27.44
064_jpg.png,TF,train,0.8408905267715454,4288,2848,4044,1370,25.2
065_jpg.png,Normal,train,0.9478774666786194,4288,2848,4288,1376,32.95
066_jpg.png,Normal,train,0.873317301273346,4288,2848,4288,1726,31.88
067_JPG.png,Normal,train,0.8909044861793518,3008,2000,2363,1140,22.33
068_jpg.png,Normal,train,0.9057248830795288,4288,2848,3938,1798,29.02
069_jpg.png,Normal,train,0.9481542706489563,4288,2848,4288,1910,35.66
071_jpg.png,Normal,train,0.9156085848808289,4288,2848,4235,1432,31.06
072_jpg.png,Normal,train,0.9461241364479065,4288,2848,4288,1821,43.19
074_jpg.png,Normal,train,0.9160985350608826,4288,2848,4170,1813,35.79
075_jpg.png,Normal,train,0.7887343764305115,4288,2848,4074,802,15.05
076_jpg.png,Normal,train,0.9053619503974915,4288,2848,4227,1219,23.35
079_jpg.png,Normal,train,0.9384358525276184,4288,2848,4288,1685,39.67
080_jpg.png,Normal,train,0.9493899941444397,4288,2848,3418,1697,27.98
081_jpg.png,Normal,train,0.8939785361289978,4288,2848,4157,2073,41.34
083_jpg.png,TF,train,0.933318018913269,4288,2848,3836,1742,28.79
085_jpg.png,Normal,train,0.8813398480415344,3008,2000,2663,996,28.92
089_jpg.png,Normal,test,0.8631809949874878,4288,2848,3615,1790,20.56
090_jpg.png,Normal,train,0.896215558052063,4288,2848,4288,1701,35.49
091_JPG.png,Normal,train,0.8807435035705566,3008,2000,3008,1220,36.63
092_JPG.png,TF,train,0.9362994432449341,3008,2000,2977,1180,36.22
093_jpg.png,Normal,val,0.8460965752601624,4288,2848,3389,1553,22.03
095_jpg.png,Normal,train,0.9377728700637817,4288,2848,3935,2153,34.02
097_jpg.png,TF,train,0.8216321468353271,4288,2848,4014,1372,26.3
098_jpg.png,Normal,val,0.8953490257263184,4288,2848,4088,1544,29.88
099_jpg.png,Normal,train,0.8712595701217651,4288,2848,4278,1916,32.81
1000_JPG.png,Normal,train,0.8675833344459534,3872,2592,3503,1733,37.99
1000_jpg.png,Normal,train,0.9319631457328796,4288,2848,3803,1987,37.66
1001_JPG.png,Normal,train,0.7577195167541504,3872,2592,2935,1501,25.24
1001_jpg.png,Normal,train,0.9490881562232971,4288,2848,4288,1396,32.19
1002_JPG.png,Normal,train,0.9540416598320007,3872,2592,3229,1573,25.4
1002_jpg.png,Normal,train,0.9379757046699524,4288,2848,3681,1832,25.56
1003_JPG.png,Normal,val,0.9139830470085144,3872,2592,3315,1116,22.38
1004_JPG.png,Normal,train,0.6183286905288696,3872,2592,3396,1790,36.83
1004_jpg.png,Normal,train,0.8845378756523132,4288,2848,4000,2359,37.93
1005_JPG.png,Normal,train,0.8832963109016418,3872,2592,3754,1638,35.18
1006_JPG.png,Normal,train,0.914824366569519,3872,2592,3567,1896,38.94
1006_jpg.png,Normal,train,0.9545501470565796,4288,2848,4065,1865,36.28
1007_JPG.png,Normal,train,0.6987568736076355,3872,2592,3407,1443,24.99
1007_jpg.png,TF,train,0.8096703290939331,4288,2848,3875,1689,29.91
1008_JPG.png,Normal,test,0.83669114112854,3872,2592,3661,1838,34.32
1008_jpg.png,Normal,train,0.9153767228126526,4288,2848,4275,1506,30.25
1009_JPG.png,Normal,val,0.7560598850250244,3872,2592,3579,2041,29.88
1009_jpg.png,Normal,train,0.7712855935096741,4288,2848,4020,1306,26.48
100_JPG.png,Normal,train,0.9235518574714661,3872,2592,3612,1827,33.55
1010_JPG.png,Normal,train,0.8909318447113037,3872,2592,3872,2126,46.82
1010_jpg.png,Normal,test,0.9520919322967529,4288,2848,4100,1690,35.99
1011_JPG.png,Normal,test,0.9152519702911377,3872,2592,3551,2130,41.34
1011_jpg.png,Normal,train,0.9369179606437683,4288,2848,3857,1948,35.24
1012_JPG.png,Normal,train,0.9326692223548889,3872,2592,3334,1599,29.22
1013_JPG.png,Normal,train,0.9511463642120361,3872,2592,3096,1523,26.58
1013_jpg.png,Normal,train,0.7100783586502075,4288,2848,3702,1933,33.61
1014_JPG.png,Normal,train,0.892450749874115,3872,2592,3156,1485,24.9
1014_tana_JPG.png,Normal,train,0.9101200103759766,3008,2000,2727,1293,32.75
1015_JPG.png,Normal,train,0.9443419575691223,3872,2592,3164,1419,25.1
1015_tana_JPG.png,Normal,test,0.9120640158653259,3008,2000,3008,1186,35.04
1016_JPG.png,Normal,train,0.9164570569992065,3872,2592,3581,1812,31.89
1016_tana_JPG.png,Normal,val,0.9011916518211365,3008,2000,2502,961,22.88
1017_JPG.png,Normal,train,0.8457220792770386,3872,2592,3767,1834,37.96
1018_JPG.png,Normal,train,0.8880130052566528,3872,2592,3740,1560,31.05
1018_jpg.png,Normal,train,0.8109788298606873,4288,2848,4037,1415,27.88
1019_JPG.png,Normal,train,0.9010302424430847,3872,2592,2685,1438,24.03
1019_tana_JPG.png,Normal,train,0.647148609161377,3008,2000,2402,815,21.92
101_JPG.png,Normal,train,0.8768394589424133,3872,2592,3489,1922,34.83
101_jpg.png,TF,train,0.8862611055374146,4288,2848,4078,1377,30.57
1020_JPG.png,Normal,train,0.8883259296417236,3872,2592,2756,1763,29.66
1020_jpg.png,TF,train,0.9240187406539917,4288,2848,4288,1537,36.46
1021_JPG.png,Normal,train,0.8974740505218506,3872,2592,3332,1512,28.08
1021_tana_JPG.png,Normal,train,0.8783450722694397,3008,2000,2489,1177,26.5
1022_JPG.png,Normal,train,0.9036258459091187,3872,2592,2848,1477,24.3
1022_jpg.png,Normal,train,0.9285228252410889,4288,2848,3167,1943,25.75
1023_JPG.png,Normal,val,0.9183615446090698,3872,2592,3017,1842,38.43
1023_jpg.png,Normal,train,0.9208301901817322,4288,2848,4288,1465,25.57
1024_JPG.png,Normal,val,0.9436651468276978,3872,2592,3747,1688,35.64
1024_jpg.png,Normal,val,0.9127049446105957,4288,2848,4288,1998,44.67
1025_JPG.png,Normal,train,0.850724458694458,3872,2592,3792,1908,45.23
1026_JPG.png,Normal,val,0.8740891218185425,3872,2592,3018,1552,25.14
1026_tana_JPG.png,Normal,train,0.9249535202980042,3008,2000,2909,1226,32.56
1027_JPG.png,Normal,train,0.9024314284324646,3872,2592,3253,1476,28.42
1027_jpg.png,Normal,train,0.9085832238197327,4288,2848,4288,1402,27.49
1028_JPG.png,Normal,train,0.9112975001335144,3872,2592,3628,1682,32.35
1028_jpg.png,Normal,train,0.8855034112930298,4288,2848,4288,1323,33.22
1029_JPG.png,Normal,train,0.8955665230751038,3872,2592,3289,1970,45.21
1029_jpg.png,Normal,train,0.8979814648628235,4288,2848,4288,1668,32.41
102_JPG.png,Normal,train,0.8795797824859619,3872,2592,3644,1744,34.51
1030_JPG.png,Normal,train,0.8743361830711365,3872,2592,3509,2184,46.79
1030_jpg.png,Normal,train,0.9053133726119995,4288,2848,3914,1795,30.91
1031_JPG.png,Normal,train,0.9234526753425598,3872,2592,3462,1651,35.99
1032_JPG.png,Normal,train,0.9364174008369446,3872,2592,3831,1843,40.75
1032_jpg.png,TF,val,0.8294248580932617,4288,2848,3430,1653,28.44
1033_JPG.png,Normal,test,0.9120457768440247,3872,2592,3707,1709,35.43
1033_jpg.png,Normal,train,0.8143691420555115,4288,2848,4288,1369,34.92
1034_JPG.png,Normal,train,0.9286174774169922,3872,2592,3397,1754,32.01
1035_JPG.png,Normal,test,0.876539409160614,3872,2592,3840,1613,34.19
1035_jpg.png,Normal,train,0.8430063128471375,4288,2848,3346,1576,25.18
1036_JPG.png,Normal,train,0.8849332928657532,3872,2592,3673,1717,38.89
1037_JPG.png,Normal,test,0.8854223489761353,3872,2592,3307,1593,29.15
1037_jpg.png,TF,train,0.9243553876876831,4288,2848,4288,1799,34.59
1038_JPG.png,Normal,val,0.9122584462165833,3872,2592,3567,1515,30.59
1039_JPG.png,Normal,test,0.9407622814178467,3872,2592,3813,1690,39.14
1039_jpg.png,Normal,train,0.9023436307907104,4288,2848,3885,1532,30.63
103_JPG.png,Normal,train,0.9336729645729065,3872,2592,3602,1682,32.94
103_jpg.png,Normal,test,0.8862910270690918,4288,2848,4244,1861,38.0
1040_JPG.png,Normal,train,0.9230833649635315,3872,2592,3669,1635,30.62
1040_jpg.png,Normal,test,0.9097970128059387,4288,2848,3063,1691,18.85
1041_JPG.png,Normal,train,0.9475230574607849,3872,2592,3201,1362,23.36
1042_JPG.png,Normal,test,0.8841521739959717,3872,2592,3407,1816,34.28
1042_jpg.png,TF,train,0.8910647630691528,4288,2848,4083,1248,26.65
1043_JPG.png,Normal,train,0.917617678642273,3872,2592,3758,1596,35.76
1043_jpg.png,Normal,train,0.9369921684265137,4288,2848,4288,1613,34.53
1044_JPG.png,Normal,train,0.9175668954849243,3872,2592,3872,1543,35.66
1044_jpg.png,Normal,train,0.9575561881065369,4288,2848,4288,1526,33.61
1045_JPG.png,Normal,test,0.8105067610740662,3872,2592,2892,1303,20.36
1046_JPG.png,Normal,train,0.9263008832931519,3872,2592,3537,1504,31.49
1047_JPG.png,Normal,train,0.9418412446975708,3872,2592,3672,1707,34.52
1047_jpg.png,Normal,train,0.93296217918396,4288,2848,4288,2055,46.85
1048_JPG.png,Normal,test,0.9022331237792969,3872,2592,3872,1913,36.2
1048_jpg.png,Normal,train,0.8930531740188599,4288,2848,4129,1524,29.62
1049_JPG.png,Normal,train,0.845092236995697,3872,2592,3734,1434,34.09
104_JPG.png,Normal,train,0.922819972038269,3872,2592,3767,1727,34.58
104_jpg.png,Normal,train,0.9228982329368591,4288,2848,4288,1541,33.23
1050_JPG.png,Normal,test,0.8552802205085754,3872,2592,3438,1455,27.7
1050_jpg.png,Normal,train,0.8868951797485352,4288,2848,3664,1809,25.15
1051_JPG.png,TF,train,0.9204863905906677,3872,2592,3349,1443,28.62
1051_tana_JPG.png,Normal,train,0.9018315076828003,3008,2000,3008,1043,25.66
1052_JPG.png,Normal,train,0.9216964840888977,3872,2592,3270,1567,26.35
1053_JPG.png,Normal,test,0.8602820038795471,3872,2592,3160,1795,32.18
1053_jpg.png,Normal,test,0.883308470249176,4288,2848,4101,1602,34.04
1054_JPG.png,Normal,train,0.9352747797966003,3872,2592,3760,1554,28.45
1055_JPG.png,Normal,train,0.9413700699806213,3872,2592,3244,1398,25.94
1055_jpg.png,Normal,test,0.8622178435325623,4288,2848,4056,1302,24.61
1056_JPG.png,Normal,train,0.802460789680481,3872,2592,3097,1428,23.15
1056_jpg.png,Normal,val,0.9067806601524353,4288,2848,4250,1625,29.67
1057_JPG.png,Normal,test,0.9059532284736633,3872,2592,3678,1708,39.42
1057_jpg.png,Normal,test,0.9093831181526184,4288,2848,4288,1645,28.68
1058_JPG.png,Normal,train,0.7780873775482178,3872,2592,3872,1948,39.77
1058_jpg.png,TF,train,0.6625465750694275,4288,2848,4123,1951,28.71
1059_JPG.png,Normal,train,0.9226614832878113,3872,2592,2829,1549,26.17
1059_jpg.png,Normal,val,0.9109188914299011,4288,2848,4075,1367,23.15
105_JPG.png,Normal,val,0.9307493567466736,3872,2592,3574,1520,31.63
105_tana_JPG.png,Normal,train,0.9302375912666321,3008,2000,2596,1104,28.78
1060_JPG.png,Normal,train,0.9127418994903564,3872,2592,3658,1695,33.44
1060_jpg.png,Normal,val,0.6813774704933167,4288,2848,3279,997,13.73
1061_JPG.png,Normal,train,0.9129472374916077,3872,2592,3415,1740,37.21
1061_jpg.png,TF,train,0.9017701148986816,4288,2848,3741,2773,39.97
1062_JPG.png,Normal,train,0.9480869770050049,3872,2592,3179,1944,41.16
1063_JPG.png,Normal,train,0.9553461670875549,3872,2592,3691,1593,38.16
1063_jpg.png,Normal,train,0.9314780235290527,4288,2848,4288,1553,30.56
1064_JPG.png,Normal,train,0.8638496398925781,3872,2592,3439,1652,38.06
1065_JPG.png,Normal,train,0.8948222994804382,3872,2592,3401,1728,37.79
1066_JPG.png,Normal,train,0.8547611832618713,3872,2592,3872,1967,50.61
1067_JPG.png,Normal,test,0.8930833339691162,3872,2592,3483,1847,34.74
1067_jpg.png,Normal,train,0.9479354023933411,4288,2848,3774,1642,27.28
1068_JPG.png,Normal,val,0.9245500564575195,3872,2592,3696,1622,32.74
1069_JPG.png,Normal,train,0.9249070882797241,3872,2592,3346,1604,32.09
106_JPG.png,Normal,val,0.9002075791358948,3872,2592,3154,1783,27.58
106_jpg.png,Normal,train,0.8674412369728088,4288,2848,4242,1709,30.55
1070_JPG.png,Normal,train,0.934269368648529,3872,2592,3535,1535,31.87
1070_tana_JPG.png,Normal,train,0.6955532431602478,3008,2000,2723,909,25.33
1071_JPG.png,Normal,test,0.922573983669281,3872,2592,3722,1704,32.92
1071_jpg.png,Normal,train,0.8762784600257874,4288,2848,4288,1852,35.73
1072_JPG.png,Normal,train,0.9154816269874573,3872,2592,3420,1753,32.14
1072_jpg.png,TF,val,0.9135380983352661,4288,2848,3923,1786,28.81
1073_JPG.png,Normal,train,0.918647289276123,3872,2592,3442,2027,37.29
1073_jpg.png,Normal,train,0.8501522541046143,4288,2848,3837,1810,33.13
1074_JPG.png,Normal,test,0.9114494323730469,3872,2592,2791,1554,27.59
1074_jpg.png,TF,train,0.9109100103378296,4288,2848,4159,2049,31.13
1075_JPG.png,Normal,test,0.9207783937454224,3872,2592,3426,1411,26.39
1075_jpg.png,Normal,test,0.9507385492324829,4288,2848,4288,1371,34.56
1076_JPG.png,Normal,val,0.94357830286026,3872,2592,3290,1356,25.21
1076_jpg.png,TF,train,0.843429446220398,4288,2848,4238,2215,37.96
1077_JPG.png,Normal,train,0.8907116055488586,3872,2592,3014,1337,23.11
1077_jpg.png,Normal,train,0.815854549407959,4288,2848,3618,1593,25.96
1078_JPG.png,Normal,test,0.9008394479751587,3872,2592,2999,1668,31.65
1079_JPG.png,Normal,train,0.8996976613998413,3872,2592,3753,1478,36.23
1079_jpg.png,Normal,test,0.922767698764801,4288,2848,4288,1543,39.44
107_JPG.png,Normal,train,0.9179544448852539,3872,2592,3485,1545,28.44
107_jpg.png,Normal,train,0.9414525032043457,4288,2848,4288,1624,28.6
1080_JPG.png,Normal,train,0.8612086772918701,3872,2592,3161,1547,34.6
1080_jpg.png,Normal,test,0.9227649569511414,4288,2848,4271,1761,28.06
1081_JPG.png,Normal,val,0.8405167460441589,3872,2592,3244,1510,34.69
1081_jpg.png,Normal,train,0.9131825566291809,4288,2848,4021,1878,34.2
1082_JPG.png,Normal,val,0.8714091777801514,3872,2592,3637,1560,32.49
1082_jpg.png,TF,train,0.9397922158241272,4288,2848,3230,1570,22.52
1083_JPG.png,Normal,train,0.734932005405426,3872,2592,2764,1299,21.62
1083_tana_JPG.png,TF,train,0.9390888214111328,3008,2000,2606,1257,33.57
1084_JPG.png,Normal,train,0.898513674736023,3872,2592,3112,1743,34.12
1084_tana_JPG.png,Normal,val,0.9173012375831604,3008,2000,2792,1327,37.68
1085_JPG.png,Normal,train,0.8175886273384094,3872,2592,3282,1772,36.18
1086_JPG.png,Normal,train,0.8623315691947937,3872,2592,3347,1431,30.87
1087_JPG.png,Normal,val,0.9319543242454529,3872,2592,3067,1835,26.59
1087_jpg.png,Normal,train,0.8374907970428467,4288,2848,4288,1415,33.31
1088_JPG.png,Normal,train,0.924345850944519,3872,2592,3550,1956,38.48
1088_jpg.png,Normal,train,0.9421949982643127,4288,2848,4238,1882,36.55
1089_JPG.png,Normal,val,0.8815890550613403,3872,2592,3226,1658,37.44
1089_jpg.png,Normal,test,0.93292236328125,4288,2848,4288,1765,32.77
108_JPG.png,Normal,train,0.8602685928344727,3872,2592,3839,1900,36.94
108_jpg.png,TF,train,0.8805725574493408,4288,2848,3965,1492,26.24
1090_JPG.png,Normal,test,0.8678700923919678,3872,2592,3872,1935,46.2
1091_JPG.png,Normal,train,0.9466125965118408,3872,2592,3718,1609,32.32
1091_jpg.png,TF,train,0.9390926957130432,4288,2848,3909,2341,41.82
1092_JPG.png,Normal,train,0.8779231905937195,3872,2592,2886,1485,23.52
1092_jpg.png,Normal,test,0.8205625414848328,4288,2848,3567,1416,25.07
1093_JPG.png,TF,train,0.9120155572891235,3872,2592,3351,1680,29.85
1093_jpg.png,Normal,val,0.9156017899513245,4288,2848,4288,1427,32.82
1094_JPG.png,Normal,train,0.9266844391822815,3872,2592,3872,1849,46.03
1095_JPG.png,Normal,train,0.8396134376525879,3872,2592,3469,1370,28.94
1096_JPG.png,Normal,train,0.9029632210731506,3872,2592,3872,1726,38.95
1097_JPG.png,Normal,test,0.8395580053329468,3872,2592,3361,1346,24.85
1097_jpg.png,Normal,test,0.8923433423042297,4288,2848,4219,1695,34.39
1098_JPG.png,Normal,val,0.9358468055725098,3872,2592,3374,1608,30.53
1098_jpg.png,Normal,train,0.8150498270988464,4288,2848,3905,1418,25.06
1099_JPG.png,TF,train,0.8052569627761841,3872,2592,2997,2035,25.93
109_JPG.png,Normal,train,0.9161554574966431,3872,2592,3572,1843,35.63
109_jpg.png,Normal,train,0.9263472557067871,4288,2848,4288,2053,42.2
10_JPG.png,Normal,train,0.873012900352478,3872,2592,3189,1575,29.54
1100_JPG.png,Normal,train,0.862873911857605,3872,2592,3437,1391,28.09
1101_JPG.png,Normal,train,0.9381817579269409,3872,2592,3663,1557,32.43
1102_JPG.png,Normal,train,0.9038459062576294,3872,2592,3679,1778,33.36
1103_JPG.png,Normal,train,0.9005655646324158,3872,2592,3872,1915,46.42
1104_JPG.png,Normal,train,0.8741981983184814,3872,2592,3474,1674,30.83
1105_JPG.png,Normal,train,0.8730875849723816,3872,2592,3773,1586,36.23
1106_JPG.png,Normal,train,0.8355429172515869,3872,2592,3872,2336,46.71
1107_JPG.png,Normal,train,0.8421738743782043,3872,2592,3433,1626,34.86
1108_JPG.png,Normal,train,0.9169309139251709,3872,2592,3517,1700,29.1
1109_JPG.png,Normal,val,0.8605201244354248,3872,2592,3466,1824,27.34
110_JPG.png,Normal,val,0.8584781885147095,3872,2592,3872,1904,43.92
110_jpg.png,Normal,train,0.8799512982368469,4288,2848,3662,1365,24.04
1110_JPG.png,Normal,val,0.9139949679374695,3872,2592,3120,1973,31.51
1111_JPG.png,Normal,test,0.9066390991210938,3872,2592,3547,2004,26.65
1112_JPG.png,Normal,val,0.8848024010658264,3872,2592,3777,1481,32.8
1113_JPG.png,Normal,train,0.8739261031150818,3872,2592,3872,1755,36.56
1114_JPG.png,Normal,train,0.8966655135154724,3872,2592,3717,1705,37.02
1115_JPG.png,Normal,test,0.7042887210845947,3872,2592,3481,2005,45.6
1116_JPG.png,Normal,test,0.7677290439605713,3872,2592,3663,1751,37.15
1117_JPG.png,Normal,train,0.8670711517333984,3872,2592,3872,1836,45.53
1118_JPG.png,Normal,train,0.9143977165222168,3872,2592,3096,1668,30.72
1119_JPG.png,Normal,train,0.7881724238395691,3872,2592,3539,1599,26.75
111_JPG.png,Normal,train,0.8800184726715088,3872,2592,3872,1734,38.33
111_jpg.png,Normal,train,0.881336510181427,4288,2848,4200,1836,33.47
1120_JPG.png,Normal,test,0.8608604073524475,3872,2592,3787,1597,34.32
1121_JPG.png,Normal,train,0.74378502368927,3872,2592,3440,1921,31.08
1122_JPG.png,Normal,train,0.8951243758201599,3872,2592,3872,1916,48.94
1123_JPG.png,Normal,val,0.8693702816963196,3872,2592,3872,1765,45.81
1124_JPG.png,Normal,train,0.9005872011184692,3872,2592,3860,1712,41.22
1125_JPG.png,Normal,train,0.7895978689193726,3872,2592,3796,2018,47.63
1126_JPG.png,Normal,train,0.6841527819633484,3872,2592,3140,1925,34.8
1127_JPG.png,Normal,train,0.6679840683937073,3872,2592,3872,2218,43.11
1128_JPG.png,Normal,train,0.8971344232559204,3872,2592,3765,1893,41.86
1129_JPG.png,Normal,val,0.9305071234703064,3872,2592,3716,1950,42.3
112_JPG.png,Normal,train,0.9324842691421509,3872,2592,3403,1563,29.55
1130_JPG.png,Normal,test,0.6845710873603821,3872,2592,3666,1614,30.4
1131_JPG.png,TF,train,0.9115732312202454,3872,2592,3845,1732,33.28
1132_JPG.png,Normal,test,0.8747566342353821,3872,2592,3663,1576,37.11
1133_JPG.png,Normal,val,0.7758845686912537,3872,2592,3694,1673,37.42
1134_JPG.png,Normal,train,0.8832948803901672,3872,2592,3464,1292,23.28
1135_JPG.png,Normal,train,0.8780757188796997,3872,2592,3711,1619,33.04
1136_JPG.png,Normal,val,0.8718060255050659,3872,2592,3872,1805,44.39
1137_JPG.png,Normal,train,0.8843011260032654,3872,2592,3872,1617,39.08
1138_JPG.png,Normal,train,0.804993748664856,3872,2592,3868,1568,36.09
1139_JPG.png,Normal,train,0.8350080251693726,3872,2592,3211,1740,34.76
113_JPG.png,Normal,train,0.906294047832489,3872,2592,3552,1763,40.11
113_jpg.png,Normal,val,0.9237604737281799,4288,2848,4083,1761,31.59
1140_JPG.png,Normal,train,0.9171736836433411,3872,2592,3587,1613,30.17
1141_JPG.png,Normal,train,0.8307123184204102,3872,2592,3836,1638,32.31
1142_JPG.png,Normal,test,0.6629230976104736,3872,2592,3791,2030,27.72
1143_JPG.png,Normal,train,0.9283965229988098,3872,2592,3334,1515,26.92
1144_JPG.png,Normal,train,0.8695253133773804,3872,2592,3314,1523,29.38
1145_JPG.png,Normal,train,0.840294599533081,3872,2592,3697,1810,40.23
1146_JPG.png,Normal,train,0.9600818157196045,3872,2592,3468,1634,32.43
1147_JPG.png,Normal,test,0.9252403378486633,3872,2592,3373,1975,41.06
1148_JPG.png,Normal,test,0.9500190019607544,3872,2592,3637,1643,30.99
1149_JPG.png,Normal,train,0.8521250486373901,3872,2592,3214,1740,34.62
114_JPG.png,Normal,val,0.8506743907928467,3872,2592,3872,1589,30.46
114_jpg.png,Normal,train,0.9390641450881958,4288,2848,4156,2106,34.27
1150_JPG.png,Normal,train,0.5622608661651611,3872,2592,3872,1876,40.0
1151_JPG.png,Normal,val,0.8139728307723999,3872,2592,3521,1603,31.56
1152_JPG.png,Normal,val,0.9149892926216125,3872,2592,3583,1493,28.44
1153_JPG.png,Normal,test,0.8940260410308838,3872,2592,3740,1631,36.85
1154_JPG.png,Normal,train,0.8232359886169434,3872,2592,3147,1802,24.68
1155_JPG.png,Normal,val,0.8484393358230591,3872,2592,3730,1682,33.36
1156_JPG.png,Normal,test,0.8878729343414307,3872,2592,3872,1837,41.27
1157_JPG.png,Normal,train,0.8995095491409302,3872,2592,3580,1620,36.73
1158_JPG.png,Normal,train,0.8970330953598022,3872,2592,3340,1841,41.31
1159_JPG.png,Normal,test,0.923198401927948,3872,2592,3555,1653,30.96
115_JPG.png,Normal,train,0.8736812472343445,3872,2592,3872,1597,36.37
115_jpg.png,Normal,val,0.8643960952758789,4288,2848,3664,1444,19.24
1160_JPG.png,Normal,train,0.8801609873771667,3872,2592,3367,1721,34.54
1161_JPG.png,Normal,train,0.893376350402832,3872,2592,3757,1503,31.75
1162_JPG.png,Normal,train,0.8976181149482727,3872,2592,3250,1486,25.95
1163_JPG.png,Normal,train,0.9097919464111328,3872,2592,3731,1635,37.79
1164_JPG.png,Normal,train,0.9227921962738037,3872,2592,3140,1321,25.6
1165_JPG.png,Normal,test,0.8640092611312866,3872,2592,3867,1754,38.33
1166_JPG.png,Normal,train,0.865989089012146,3872,2592,3172,1278,21.35
1167_JPG.png,Normal,train,0.8707302212715149,3872,2592,3861,1976,33.37
1168_JPG.png,Normal,train,0.9463021755218506,3872,2592,3162,1413,25.39
1169_JPG.png,Normal,train,0.8501112461090088,3872,2592,3590,1404,26.09
116_JPG.png,Normal,train,0.8978471159934998,3872,2592,3426,1476,28.47
116_jpg.png,Normal,train,0.9294106364250183,4288,2848,4104,1714,28.98
1170_JPG.png,Normal,train,0.8957853317260742,3872,2592,3358,1261,23.02
1171_JPG.png,Normal,val,0.9091318249702454,3872,2592,3787,1546,35.91
1172_JPG.png,Normal,train,0.9603334665298462,3872,2592,3536,1310,28.27
1173_JPG.png,Normal,val,0.9160174131393433,3872,2592,3872,1499,35.32
1174_JPG.png,Normal,test,0.9250023365020752,3872,2592,3038,1221,23.76
1175_JPG.png,Normal,train,0.9267719984054565,3872,2592,3802,1573,33.36
1176_JPG.png,Normal,train,0.9352335333824158,3872,2592,3658,1614,34.6
1177_JPG.png,Normal,train,0.8009561896324158,3872,2592,3537,1703,41.96
1178_JPG.png,Normal,val,0.7936850190162659,3872,2592,3872,1972,42.71
1179_JPG.png,Normal,test,0.8438251614570618,3872,2592,3515,1788,38.6
117_JPG.png,Normal,train,0.9275279641151428,3872,2592,3529,1330,24.66
117_jpg.png,Normal,train,0.9255324006080627,4288,2848,3380,2062,30.63
1180_JPG.png,Normal,train,0.9261103272438049,3872,2592,3712,1692,34.61
1181_JPG.png,Normal,test,0.9283040165901184,3872,2592,3872,1761,37.67
1182_JPG.png,Normal,test,0.9273411631584167,3872,2592,3608,1697,32.72
1183_JPG.png,Normal,train,0.9369204044342041,3872,2592,3638,1493,34.46
1184_JPG.png,Normal,train,0.9048298597335815,3872,2592,3744,2082,42.39
1185_JPG.png,Normal,train,0.9134395122528076,3872,2592,3418,1817,39.25
1186_JPG.png,Normal,train,0.8589503765106201,3872,2592,3872,1740,40.09
1187_JPG.png,Normal,test,0.9152216911315918,3872,2592,3355,1441,28.08
1188_JPG.png,Normal,train,0.8606230616569519,3872,2592,3807,1736,31.16
1189_JPG.png,Normal,test,0.8478155136108398,3872,2592,3564,1384,31.23
118_JPG.png,Normal,train,0.7696101069450378,3872,2592,3572,1676,33.17
118_tana_JPG.png,Normal,train,0.9095531105995178,3008,2000,2740,956,24.52
1190_JPG.png,Normal,train,0.7337740063667297,3872,2592,3328,1359,26.62
1191_JPG.png,Normal,val,0.7724798917770386,3872,2592,3872,1500,32.67
1192_JPG.png,Normal,train,0.8927662372589111,3872,2592,2783,1369,20.36
1193_JPG.png,Normal,train,0.8930853009223938,3872,2592,3535,1554,29.8
1194_JPG.png,Normal,test,0.9009945392608643,3872,2592,3872,1670,38.39
1195_JPG.png,Normal,test,0.9102236032485962,3872,2592,3860,1711,37.26
1196_JPG.png,Normal,train,0.91921466588974,3872,2592,3595,1409,26.25
1197_JPG.png,Normal,test,0.9404444098472595,3872,2592,3158,1089,18.67
1198_JPG.png,Normal,train,0.8847000002861023,3872,2592,3872,1661,38.3
1199_JPG.png,Normal,train,0.7867860198020935,3872,2592,3683,1772,40.49
119_JPG.png,Normal,test,0.9095687866210938,3872,2592,3354,1582,29.38
11_JPG.png,Normal,train,0.9202401041984558,3872,2592,2939,1943,28.4
1200_JPG.png,Normal,train,0.9382036328315735,3872,2592,3872,1612,38.7
1201_JPG.png,Normal,test,0.9247103929519653,3872,2592,3793,1469,31.34
1202_JPG.png,Normal,test,0.9294160604476929,3872,2592,3848,1904,38.65
1203_JPG.png,Normal,train,0.8845561742782593,3872,2592,3386,1872,33.05
1204_JPG.png,Normal,train,0.9061803817749023,3872,2592,3425,1834,35.02
1205_JPG.png,Normal,train,0.7858680486679077,3872,2592,3624,1684,30.48
1206_JPG.png,Normal,train,0.9086878299713135,3872,2592,3670,1712,35.26
1207_JPG.png,Normal,test,0.8510591983795166,3872,2592,2994,1422,22.88
1208_JPG.png,TF,train,0.8961911201477051,3872,2592,3720,1674,35.58
1209_JPG.png,Normal,test,0.8055771589279175,3872,2592,3788,1468,35.64
120_JPG.png,Normal,train,0.5364698767662048,3872,2592,3525,1538,30.9
1210_JPG.png,Normal,train,0.8883187174797058,3872,2592,3835,1985,41.38
1211_JPG.png,Normal,train,0.9317595958709717,3872,2592,3681,1998,41.69
1212_JPG.png,Normal,train,0.8079683184623718,3872,2592,3636,1519,32.09
1213_JPG.png,Normal,val,0.9052241444587708,3872,2592,3413,1433,29.51
1214_JPG.png,Normal,train,0.8567100167274475,3872,2592,3131,1784,33.25
1215_JPG.png,Normal,train,0.9026766419410706,3872,2592,3407,1804,32.17
1216_JPG.png,Normal,val,0.9356463551521301,3872,2592,3334,1707,32.82
1217_JPG.png,Normal,train,0.804063081741333,3872,2592,3777,1707,34.12
1218_JPG.png,Normal,train,0.9129118919372559,3872,2592,3384,1609,28.9
1219_JPG.png,Normal,train,0.9369419813156128,3872,2592,3214,1757,32.46
121_JPG.png,Normal,train,0.8743706941604614,3872,2592,3309,1622,29.9
121_jpg.png,Normal,train,0.937240481376648,4288,2848,3958,1878,33.08
1220_JPG.png,Normal,train,0.9240046143531799,3872,2592,3096,1522,25.78
1221_JPG.png,Normal,train,0.9437604546546936,3872,2592,2609,1217,18.05
1222_JPG.png,Normal,train,0.9419902563095093,3872,2592,2523,1218,18.02
1223_JPG.png,Normal,val,0.825333833694458,3872,2592,3599,1789,35.52
1224_JPG.png,Normal,train,0.815396249294281,3872,2592,2539,1324,15.68
1225_JPG.png,Normal,train,0.8734838962554932,3872,2592,3412,1803,34.48
1226_JPG.png,Normal,val,0.9252091646194458,3872,2592,3254,1351,25.74
1227_JPG.png,Normal,train,0.8745625019073486,3872,2592,3725,1423,28.76
1228_JPG.png,Normal,train,0.8803922533988953,3872,2592,3606,1719,33.55
1229_JPG.png,Normal,train,0.875444233417511,3872,2592,3793,1907,40.96
122_JPG.png,Normal,train,0.8193484544754028,3872,2592,3750,1553,36.46
1230_JPG.png,Normal,train,0.8585132956504822,3872,2592,3347,1701,28.4
1231_JPG.png,Normal,train,0.9120758175849915,3872,2592,3872,1691,38.03
1232_JPG.png,Normal,train,0.9189746379852295,3872,2592,3257,1545,24.73
1233_JPG.png,Normal,train,0.839982807636261,3872,2592,3204,1436,27.08
1234_JPG.png,Normal,train,0.903347909450531,3872,2592,3681,1783,35.04
1235_JPG.png,Normal,val,0.8380066752433777,3872,2592,3607,1560,33.67
1236_JPG.png,Normal,train,0.836699366569519,3872,2592,3759,1684,38.54
1237_JPG.png,Normal,train,0.9376185536384583,3872,2592,3558,1691,37.72
1238_JPG.png,Normal,train,0.8616085052490234,3872,2592,3414,1734,33.14
1239_JPG.png,Normal,train,0.8868418335914612,3872,2592,3637,1635,31.05
123_JPG.png,Normal,train,0.9167529344558716,3872,2592,3414,1904,42.22
123_jpg.png,Normal,test,0.9281305074691772,4288,2848,4288,1969,46.26
1240_JPG.png,Normal,val,0.7874804139137268,3872,2592,2603,1238,16.77
1241_JPG.png,Normal,train,0.9171895384788513,3872,2592,2773,1380,20.26
1242_JPG.png,Normal,train,0.9103357791900635,3872,2592,3872,1787,47.45
1243_JPG.png,Normal,train,0.9129917621612549,3872,2592,3306,1829,37.67
1244_JPG.png,Normal,train,0.9022073149681091,3872,2592,3230,1447,26.25
1245_JPG.png,Normal,train,0.8658280372619629,3872,2592,3435,1492,29.86
1246_JPG.png,Normal,train,0.8235942125320435,3872,2592,3542,1319,30.47
1247_JPG.png,Normal,val,0.8164170384407043,3872,2592,3495,1482,29.4
1248_JPG.png,Normal,test,0.7887288928031921,3872,2592,2965,1296,22.87
1249_JPG.png,Normal,val,0.9242023229598999,3872,2592,3782,1674,35.28
124_JPG.png,Normal,train,0.8221196532249451,3872,2592,3330,1846,36.28
124_jpg.png,Normal,test,0.9199260473251343,4288,2848,4288,2158,45.83
1250_JPG.png,Normal,train,0.90397709608078,3872,2592,3737,1864,40.33
1251_JPG.png,Normal,train,0.8586419224739075,3872,2592,3760,1707,34.95
1252_JPG.png,Normal,test,0.9080039262771606,3872,2592,3754,1587,33.55
1253_JPG.png,Normal,train,0.9250602722167969,3872,2592,3321,1514,28.17
1254_JPG.png,Normal,train,0.9344963431358337,3872,2592,3452,1705,30.86
1255_JPG.png,Normal,train,0.9073375463485718,3872,2592,3290,1521,28.77
1256_JPG.png,Normal,test,0.9053389430046082,3872,2592,3746,1679,37.43
1257_JPG.png,Normal,train,0.8604254126548767,3872,2592,3427,1453,29.33
1258_JPG.png,Normal,test,0.9284592270851135,3872,2592,3463,1148,22.83
1259_JPG.png,TF,train,0.9190753698348999,3872,2592,3292,1790,34.54
125_JPG.png,Normal,test,0.9253143668174744,3872,2592,3002,1764,31.61
125_jpg.png,Normal,train,0.930024266242981,4288,2848,4288,1481,35.12
1260_JPG.png,Normal,train,0.8663871884346008,3872,2592,3333,1901,42.24
1262_JPG.png,Normal,train,0.8292338252067566,3872,2592,3484,1800,36.65
1263_JPG.png,Normal,test,0.8918192386627197,3872,2592,3690,1644,33.34
1264_JPG.png,Normal,train,0.7840343713760376,3872,2592,3735,1481,31.96
1265_JPG.png,Normal,test,0.7338793873786926,3872,2592,3163,1625,33.21
1266_JPG.png,Normal,test,0.8304093480110168,3872,2592,3127,1882,35.18
1267_JPG.png,Normal,test,0.8494669795036316,3872,2592,3779,1511,30.61
1268_JPG.png,Normal,test,0.8521114587783813,3872,2592,3872,1974,36.7
1269_JPG.png,Normal,test,0.7659661173820496,3872,2592,3872,2302,59.25
126_JPG.png,Normal,train,0.9207373261451721,3872,2592,3466,1346,27.08
126_tana_JPG.png,Normal,train,0.9329395294189453,3008,2000,2569,1120,27.32
1270_JPG.png,Normal,train,0.6961356997489929,3872,2592,3630,2126,52.47
1271_JPG.png,Normal,train,0.7704808115959167,3872,2592,3801,2078,43.88
1272_JPG.png,Normal,train,0.6872794032096863,3872,2592,3594,1712,31.55
1273_JPG.png,Normal,val,0.5082179307937622,3872,2592,3872,2150,50.19
1274_JPG.png,Normal,test,0.9503481984138489,3872,2592,3429,1445,28.53
1275_JPG.png,Normal,test,0.747367799282074,3872,2592,3591,1638,31.98
1276_JPG.png,Normal,train,0.826269805431366,3872,2592,3537,1789,35.93
1277_JPG.png,Normal,train,0.91957688331604,3872,2592,3661,1589,30.95
1278_JPG.png,Normal,test,0.8832942247390747,3872,2592,3407,1660,29.73
1279_JPG.png,Normal,train,0.8081820011138916,3872,2592,3288,1955,45.25
127_JPG.png,Normal,train,0.8102776408195496,3872,2592,3631,1635,29.34
1280_JPG.png,Normal,train,0.8389216661453247,3872,2592,3517,1692,32.75
1281_JPG.png,Normal,train,0.8833467960357666,3872,2592,3872,1805,41.42
1282_JPG.png,Normal,train,0.7922542095184326,3872,2592,3424,1526,31.68
1283_JPG.png,Normal,train,0.8264064192771912,3872,2592,3510,1532,32.53
1284_JPG.png,Normal,val,0.843246340751648,3872,2592,3872,1604,35.99
1285_JPG.png,Normal,train,0.6400946974754333,3872,2592,3872,1718,38.68
1286_JPG.png,Normal,val,0.9048629403114319,3872,2592,3720,1632,37.97
1287_JPG.png,Normal,test,0.761001467704773,3872,2592,3329,2005,40.25
1288_JPG.png,Normal,val,0.8018331527709961,3872,2592,3763,1985,41.21
1289_JPG.png,Normal,train,0.8099232912063599,3872,2592,3654,1706,37.99
128_JPG.png,Normal,test,0.9112659692764282,3872,2592,3112,1374,22.06
128_jpg.png,Normal,train,0.9456756114959717,4288,2848,4288,1778,43.91
1290_JPG.png,Normal,train,0.7729259729385376,3872,2592,3741,2008,41.12
1291_JPG.png,Normal,train,0.7701849341392517,3872,2592,3187,1406,25.05
1292_JPG.png,Normal,train,0.8985450863838196,3872,2592,3302,1779,33.84
1293_JPG.png,Normal,val,0.9288561344146729,3872,2592,3872,1721,42.56
1294_JPG.png,Normal,train,0.7086739540100098,3872,2592,3872,1818,41.44
1295_JPG.png,Normal,train,0.7316425442695618,3872,2592,3484,1733,32.62
1296_JPG.png,Normal,train,0.8324354290962219,3872,2592,3751,1579,30.07
1297_JPG.png,Normal,test,0.9106166362762451,3872,2592,2598,1228,16.84
1298_JPG.png,Normal,train,0.8070490956306458,3872,2592,3651,1838,38.73
1299_JPG.png,Normal,train,0.8077789545059204,3872,2592,3561,1510,27.02
129_JPG.png,Normal,train,0.9306408166885376,3872,2592,3033,1542,25.35
129_jpg.png,TF,val,0.8648719787597656,4288,2848,4288,1943,33.45
12_JPG.png,Normal,train,0.722139835357666,3872,2592,2299,1460,13.16
1300_JPG.png,Normal,val,0.9253819584846497,3872,2592,3869,1533,29.38
1301_JPG.png,Normal,train,0.6896,3872,2592,3232,1608,31.06
1302_JPG.png,Normal,train,0.8854966163635254,3872,2592,3751,1708,34.32
1303_JPG.png,Normal,train,0.9237073659896851,3872,2592,3274,1150,21.77
1304_JPG.png,Normal,val,0.8523736596107483,3872,2592,2987,1379,21.47
1305_JPG.png,Normal,train,0.9309294819831848,3872,2592,3872,2079,50.03
1306_JPG.png,Normal,train,0.8911074995994568,3872,2592,3596,2214,53.74
1307_JPG.png,Normal,train,0.744398295879364,3872,2592,3461,1773,36.04
1308_JPG.png,Normal,test,0.7348134517669678,3872,2592,3415,1879,37.22
1309_JPG.png,Normal,train,0.7125491499900818,3872,2592,3095,1522,24.88
130_JPG.png,Normal,train,0.9511580467224121,3872,2592,3000,1688,25.49
1310_JPG.png,TF,train,0.8325061798095703,3872,2592,3000,1635,25.16
1311_JPG.png,Normal,train,0.8066107034683228,3872,2592,3666,1655,34.41
1312_JPG.png,Normal,train,0.6871554851531982,3872,2592,3306,1292,26.3
1313_JPG.png,Normal,train,0.8210019469261169,3872,2592,3872,1747,35.94
1314_JPG.png,Normal,train,0.8817824721336365,3872,2592,3613,1895,38.29
1315_JPG.png,Normal,train,0.8200395107269287,3872,2592,3464,1785,34.9
1316_JPG.png,Normal,test,0.9002832770347595,3872,2592,3149,1851,39.02
1317_JPG.png,Normal,train,0.8620983958244324,3872,2592,3003,1870,31.85
1318_JPG.png,Normal,train,0.7928801774978638,3872,2592,3622,1864,33.0
1319_JPG.png,Normal,train,0.8349566459655762,3872,2592,3664,1651,34.96
131_JPG.png,Normal,train,0.9392052888870239,3872,2592,3210,1533,29.72
131_jpg.png,Normal,val,0.8096541166305542,4288,2848,4288,1250,19.2
1320_JPG.png,Normal,train,0.7369688153266907,3872,2592,3605,1956,46.89
1321_JPG.png,Normal,test,0.545128345489502,3872,2592,3466,1527,29.51
1322_JPG.png,Normal,test,0.8858247399330139,3872,2592,3037,1037,18.32
1323_JPG.png,Normal,test,0.8767120838165283,3872,2592,3605,1497,29.91
1324_JPG.png,Normal,val,0.9130709767341614,3872,2592,3514,1395,29.54
1325_JPG.png,Normal,train,0.8270017504692078,3872,2592,3298,1220,22.31
1326_JPG.png,Normal,val,0.8215418457984924,3872,2592,3573,1783,39.3
1327_JPG.png,TF,train,0.8485851287841797,3872,2592,3668,1662,33.88
1328_JPG.png,Normal,val,0.6769405603408813,3872,2592,2782,1442,19.85
1329_JPG.png,Normal,train,0.5834,3872,2592,3565,1095,21.19
132_JPG.png,Normal,train,0.8210510611534119,3872,2592,3231,1522,31.66
1330_JPG.png,Normal,train,0.6739135384559631,3872,2592,3805,1358,29.75
1331_JPG.png,Normal,train,0.8279470205307007,3872,2592,3547,1702,33.7
1332_JPG.png,Normal,train,0.7945126295089722,3872,2592,3715,1857,42.36
1333_JPG.png,Normal,train,0.8119326233863831,3872,2592,3861,2032,46.54
1334_JPG.png,Normal,train,0.8665221333503723,3872,2592,3094,1972,38.31
1335_JPG.png,Normal,train,0.9152106046676636,3872,2592,3419,1787,33.9
1336_JPG.png,Normal,train,0.8554025888442993,3872,2592,3643,1822,37.97
1337_JPG.png,Normal,train,0.8312982320785522,3872,2592,2930,1238,23.77
1338_JPG.png,Normal,test,0.8048533797264099,3872,2592,3212,1578,31.28
1339_JPG.png,Normal,val,0.8008139729499817,3872,2592,2858,1624,26.68
133_JPG.png,Normal,train,0.8456675410270691,3872,2592,3260,1721,30.35
133_jpg.png,Normal,train,0.9541851878166199,4288,2848,4134,2052,41.28
1340_JPG.png,Normal,train,0.7819858193397522,3872,2592,3028,1283,24.02
1341_JPG.png,Normal,train,0.9280202984809875,3872,2592,3152,1732,33.65
1342_JPG.png,Normal,train,0.9380769729614258,3872,2592,3318,1434,26.21
1343_JPG.png,Normal,val,0.6861730217933655,3872,2592,3103,2044,42.41
1344_JPG.png,Normal,train,0.755767822265625,3872,2592,3498,2020,42.58
1345_JPG.png,Normal,train,0.720607578754425,3872,2592,3356,1468,33.11
1346_JPG.png,Normal,train,0.7687582969665527,3872,2592,3557,1726,28.56
1347_JPG.png,Normal,train,0.931202232837677,3872,2592,3872,1395,32.04
1348_JPG.png,Normal,train,0.8516916632652283,3872,2592,3624,2148,52.35
1349_JPG.png,Normal,train,0.8430958986282349,3872,2592,3149,1717,35.43
134_JPG.png,Normal,train,0.9228269457817078,3872,2592,2930,1326,22.23
134_jpg.png,Normal,test,0.8710126280784607,4288,2848,4288,1589,35.71
1350_JPG.png,Normal,train,0.8986585140228271,3872,2592,3650,1860,36.64
1351_JPG.png,Normal,test,0.907056987285614,3872,2592,2990,1278,22.69
1352_JPG.png,Normal,test,0.8898894786834717,3872,2592,3241,1372,23.51
1353_JPG.png,Normal,train,0.8486559987068176,3872,2592,3575,1778,44.1
1354_JPG.png,Normal,train,0.7881508469581604,3872,2592,3358,1904,41.02
1355_JPG.png,Normal,train,0.8648570775985718,3872,2592,3846,1536,29.59
1356_JPG.png,Normal,train,0.7554779648780823,3872,2592,2605,1580,17.88
1357_JPG.png,Normal,train,0.8908457159996033,3872,2592,3398,2150,44.36
1358_JPG.png,Normal,train,0.8666982650756836,3872,2592,3172,1900,37.93
1359_JPG.png,Normal,val,0.856827974319458,3872,2592,3556,1863,37.81
135_JPG.png,Normal,train,0.9219318628311157,3872,2592,3787,1541,32.68
135_jpg.png,Normal,train,0.8280827403068542,4288,2848,4092,1260,22.08
1360_JPG.png,Normal,train,0.824843168258667,3872,2592,3166,1809,42.85
1361_JPG.png,TF,train,0.8386437296867371,3872,2592,3387,1867,38.9
1362_JPG.png,TF,val,0.8785035610198975,3872,2592,3680,1647,34.02
1363_JPG.png,TF,train,0.7669071555137634,3872,2592,3577,1788,32.32
1364_JPG.png,Normal,train,0.888968288898468,3872,2592,3377,2020,44.16
1365_JPG.png,Normal,val,0.8789234161376953,3872,2592,3093,1822,36.43
1366_JPG.png,Normal,val,0.8363739848136902,3872,2592,3185,2054,44.46
1367_JPG.png,Normal,train,0.6264681816101074,3872,2592,3478,1444,24.42
1368_JPG.png,Normal,train,0.9032598733901978,3872,2592,3638,1490,28.87
1369_JPG.png,Normal,train,0.8906323909759521,3872,2592,3535,1680,35.62
136_JPG.png,Normal,train,0.9174278974533081,3872,2592,2997,1751,34.05
136_tana_JPG.png,Normal,train,0.9087925553321838,3008,2000,3008,1283,36.73
1370_JPG.png,Normal,train,0.8977656960487366,3872,2592,3467,1472,29.97
1371_JPG.png,Normal,train,0.8120030760765076,3872,2592,3587,1325,26.44
1372_JPG.png,Normal,test,0.8441485166549683,3872,2592,2408,1457,20.35
1373_JPG.png,Normal,train,0.729343056678772,3872,2592,3492,1493,29.84
1374_JPG.png,Normal,train,0.7673372626304626,3872,2592,3558,2065,49.87
1375_JPG.png,Normal,train,0.8686274886131287,3872,2592,3588,1631,33.19
1376_JPG.png,TF,train,0.8895276188850403,3872,2592,3015,1116,18.6
1377_JPG.png,Normal,train,0.8898963928222656,3872,2592,3030,1541,27.84
1378_JPG.png,Normal,train,0.8762730956077576,3872,2592,2999,1411,23.75
1379_JPG.png,Normal,train,0.8659346699714661,3872,2592,3207,1541,28.58
137_JPG.png,Normal,train,0.8816594481468201,3872,2592,3211,1692,33.17
1380_JPG.png,Normal,train,0.9088476300239563,3872,2592,3410,1725,34.43
1381_JPG.png,Normal,train,0.8638221621513367,3872,2592,3052,1576,28.04
1382_JPG.png,Normal,train,0.5191900730133057,3872,2592,3453,1492,38.54
1383_JPG.png,Normal,train,0.824000358581543,3872,2592,3872,1887,38.17
1384_JPG.png,Normal,val,0.8399919271469116,3872,2592,3514,2151,41.83
1385_JPG.png,Normal,train,0.8125298023223877,3872,2592,2761,1175,21.09
1386_JPG.png,Normal,train,0.8876688480377197,3872,2592,3494,1749,37.08
1387_JPG.png,Normal,train,0.8492918014526367,3872,2592,3138,2114,43.64
1388_JPG.png,Normal,test,0.8084479570388794,3872,2592,2760,1560,25.01
1389_JPG.png,Normal,train,0.6266269683837891,3872,2592,3872,1699,48.17
138_JPG.png,Normal,train,0.9021097421646118,3872,2592,3872,1728,36.58
138_jpg.png,Normal,train,0.9083638787269592,4288,2848,4273,1594,27.62
1390_JPG.png,Normal,test,0.8169697523117065,3872,2592,3386,1642,35.92
1391_JPG.png,Normal,train,0.7852523922920227,3872,2592,3503,2085,48.88
1392_JPG.png,Normal,train,0.8618984818458557,3872,2592,3587,1914,32.16
1393_JPG.png,Normal,train,0.9171195030212402,3872,2592,3810,1322,28.26
1394_JPG.png,Normal,train,0.8206554055213928,3872,2592,3063,1681,29.33
1395_JPG.png,Normal,train,0.5544198155403137,3872,2592,3757,1697,29.9
1396_JPG.png,Normal,train,0.8279974460601807,3872,2592,3114,2022,43.2
1397_JPG.png,Normal,train,0.7211912274360657,3872,2592,3283,2095,47.56
1398_JPG.png,Normal,train,0.7089541554450989,3872,2592,2718,1521,20.77
1399_JPG.png,Normal,val,0.8887234926223755,3872,2592,3627,1442,29.87
139_JPG.png,Normal,train,0.9225060939788818,3872,2592,3052,1534,26.12
139_tana_JPG.png,Normal,train,0.9205260872840881,3008,2000,2945,1218,34.32
13_JPG.png,Normal,train,0.8763810396194458,3872,2592,3872,1932,46.15
1400_JPG.png,Normal,val,0.8192106485366821,3872,2592,3494,1476,29.92
1401_JPG.png,Normal,train,0.8514784574508667,3872,2592,3366,1784,40.55
1402_JPG.png,Normal,train,0.867777943611145,3872,2592,3051,1994,27.83
1403_JPG.png,Normal,test,0.8459123373031616,3872,2592,3503,1551,26.63
1404_JPG.png,Normal,train,0.7540234327316284,3872,2592,3439,1774,31.89
1405_JPG.png,Normal,train,0.8534828424453735,3872,2592,3747,1778,39.99
1406_JPG.png,TF,train,0.9348815679550171,3872,2592,3632,2151,48.7
1407_JPG.png,Normal,train,0.8183521628379822,3872,2592,2889,1851,33.23
1408_JPG.png,Normal,val,0.9177400469779968,3872,2592,3056,1896,39.52
1409_JPG.png,Normal,train,0.7065083384513855,3872,2592,3247,1663,39.57
140_JPG.png,Normal,train,0.9577261209487915,3872,2592,2861,1441,22.21
140_jpg.png,Normal,val,0.9240979552268982,4288,2848,3923,2184,37.0
1410_JPG.png,Normal,train,0.6268458962440491,3872,2592,2733,1539,21.8
1411_JPG.png,Normal,test,0.8499600887298584,3872,2592,3717,1374,27.07
1412_JPG.png,Normal,train,0.8676244020462036,3872,2592,3601,2036,38.38
1413_JPG.png,Normal,train,0.7895569801330566,3872,2592,2499,1072,13.01
1414_JPG.png,Normal,train,0.5650280714035034,3872,2592,3565,1592,29.41
1415_JPG.png,Normal,test,0.9027754068374634,3872,2592,3495,1508,25.77
1416_JPG.png,Normal,train,0.8426387310028076,3872,2592,3462,1777,31.69
1417_JPG.png,Normal,test,0.9055876135826111,3872,2592,3356,1863,37.82
1418_JPG.png,Normal,val,0.7922110557556152,3872,2592,3872,1641,40.77
1419_JPG.png,TF,test,0.9222620129585266,3872,2592,3155,1352,21.06
141_JPG.png,Normal,train,0.5833300352096558,3872,2592,3083,1478,23.46
141_jpg.png,Normal,train,0.9025458097457886,4288,2848,4288,1522,25.46
1420_JPG.png,Normal,val,0.8703530430793762,3872,2592,3240,1483,27.47
1421_JPG.png,TF,val,0.8119232654571533,3872,2592,2578,1489,16.72
1422_JPG.png,TF,test,0.9171389937400818,3872,2592,3335,1513,27.29
1423_JPG.png,Normal,train,0.8332515358924866,3872,2592,3281,1422,23.82
1424_JPG.png,TF,train,0.8660534620285034,3872,2592,3313,1560,26.95
1425_JPG.png,Normal,val,0.8111,3872,2592,3528,1565,17.94
1426_JPG.png,Normal,train,0.631496787071228,3872,2592,3621,1739,29.66
1427_JPG.png,Normal,train,0.7708132863044739,3872,2592,3872,1905,51.39
1428_JPG.png,Normal,val,0.6933180093765259,3872,2592,3730,1952,40.45
1429_JPG.png,Normal,train,0.8707683682441711,3872,2592,3872,2086,52.5
142_JPG.png,Normal,train,0.9356200695037842,3872,2592,2988,1721,28.41
142_jpg.png,Normal,train,0.9341577291488647,4288,2848,4288,1184,27.62
1430_JPG.png,Normal,train,0.8052385449409485,3872,2592,3864,2021,43.29
1431_JPG.png,Normal,train,0.7767975926399231,3872,2592,3208,1599,28.07
1432_JPG.png,Normal,test,0.5423038005828857,3872,2592,3419,1554,29.65
1433_JPG.png,Normal,val,0.7963133454322815,3872,2592,3726,1806,39.01
1434_JPG.png,Normal,train,0.8441579937934875,3872,2592,3687,1784,33.84
1435_JPG.png,Normal,train,0.6513120532035828,3872,2592,3872,2048,43.25
1436_JPG.png,Normal,val,0.7735689878463745,3872,2592,3790,1758,35.07
1437_JPG.png,Normal,val,0.6998388171195984,3872,2592,3362,1629,27.44
1438_JPG.png,Normal,train,0.7577147483825684,3872,2592,3505,1739,33.42
1439_JPG.png,Normal,train,0.6199,3872,2592,3521,1821,38.45
143_JPG.png,Normal,train,0.902796745300293,3872,2592,3589,1403,28.19
143_jpg.png,Normal,train,0.8362175822257996,4288,2848,4288,1718,33.43
1440_JPG.png,Normal,train,0.696466326713562,3872,2592,3487,1599,31.27
1441_JPG.png,Normal,train,0.8981260061264038,3872,2592,3316,1487,26.03
1442_JPG.png,TF,train,0.891420841217041,3872,2592,3079,1676,31.44
1443_JPG.png,Normal,train,0.9068236351013184,3872,2592,3634,1915,41.21
1444_JPG.png,Normal,val,0.880401074886322,3872,2592,3341,1849,37.76
1445_JPG.png,Normal,val,0.8567323684692383,3872,2592,3872,2084,50.17
1446_JPG.png,Normal,train,0.6818608045578003,3872,2592,3135,1772,32.94
1447_JPG.png,Normal,train,0.6876506805419922,3872,2592,3618,1621,29.88
1448_JPG.png,Normal,val,0.7808852791786194,3872,2592,3872,1754,39.12
1449_JPG.png,Normal,train,0.7992293238639832,3872,2592,3791,1648,28.18
144_JPG.png,TF,test,0.9118417501449585,3872,2592,3395,1492,27.35
1450_JPG.png,Normal,train,0.8910361528396606,3872,2592,2923,1202,16.17
1451_JPG.png,Normal,train,0.6503608226776123,3872,2592,3052,1569,25.69
1452_JPG.png,Normal,train,0.6951,3872,2592,3404,1401,26.39
1453_JPG.png,Normal,test,0.7800235748291016,3872,2592,3872,1830,41.46
1454_JPG.png,Normal,train,0.785153865814209,3872,2592,3364,1481,32.15
1455_JPG.png,Normal,train,0.8615947961807251,3872,2592,3872,2005,44.26
1456_JPG.png,Normal,test,0.8299908638000488,3872,2592,3470,1593,30.18
1457_JPG.png,Normal,train,0.7422294020652771,3872,2592,3599,1824,38.11
1458_JPG.png,Normal,train,0.7785563468933105,3872,2592,3661,1770,37.02
1459_JPG.png,Normal,train,0.7518705725669861,3872,2592,3724,1750,34.85
145_JPG.png,TF,train,0.9040934443473816,3872,2592,3043,1295,20.65
145_jpg.png,Normal,train,0.8999584317207336,4288,2848,4169,1682,32.16
1460_JPG.png,Normal,val,0.6899572014808655,3872,2592,3872,2012,46.15
1461_JPG.png,Normal,train,0.8289576172828674,3872,2592,3727,1719,36.88
1462_JPG.png,Normal,val,0.7095565795898438,3872,2592,3374,1844,34.38
1463_JPG.png,Normal,train,0.6576,3872,2592,3558,1911,37.76
1464_JPG.png,Normal,train,0.5692746639251709,3872,2592,3872,2248,58.19
1465_JPG.png,Normal,train,0.7929919958114624,3872,2592,3587,1960,38.55
1466_JPG.png,Normal,val,0.9020511507987976,3872,2592,3793,1718,32.33
1467_JPG.png,Normal,train,0.8117706179618835,3872,2592,3183,1537,28.93
1468_JPG.png,Normal,val,0.6849362850189209,3872,2592,3393,1834,33.85
1469_JPG.png,TF,train,0.8039935827255249,3872,2592,3673,1774,36.04
146_JPG.png,Normal,train,0.9019037485122681,3872,2592,2818,1468,24.76
1470_JPG.png,Normal,train,0.9047439098358154,3872,2592,3548,1480,27.95
1471_JPG.png,Normal,test,0.9367192983627319,3872,2592,3404,1607,31.75
1472_JPG.png,Normal,train,0.7248032093048096,3872,2592,3872,2126,48.94
1473_JPG.png,Normal,train,0.8156,3872,2592,3493,1280,28.5
1474_JPG.png,Normal,train,0.7319689393043518,3872,2592,3760,1894,43.36
1475_JPG.png,Normal,train,0.8402621150016785,3872,2592,3154,1346,23.22
1476_JPG.png,Normal,train,0.7499250173568726,3872,2592,2927,1656,26.76
1477_JPG.png,Normal,train,0.7660983800888062,3872,2592,3872,1950,51.17
1478_JPG.png,Normal,val,0.822119951248169,3872,2592,3872,1849,42.38
1479_JPG.png,Normal,test,0.8679689168930054,3872,2592,3581,1742,38.04
147_JPG.png,Normal,test,0.9220941662788391,3872,2592,3754,1741,34.09
147_tana_JPG.png,Normal,train,0.903482973575592,3008,2000,3006,1201,36.5
1480_JPG.png,Normal,val,0.8556384444236755,3872,2592,3444,1598,27.11
1481_JPG.png,Normal,test,0.7484264373779297,3872,2592,3422,1560,28.4
148_JPG.png,Normal,train,0.8366615176200867,3872,2592,3308,1540,26.61
148_jpg.png,Normal,train,0.9588905572891235,4288,2848,4011,1501,29.25
149_JPG.png,TF,train,0.8880816698074341,3872,2592,3329,1415,25.47
149_tana_JPG.png,Normal,train,0.9298245310783386,3008,2000,2820,1251,37.68
14_JPG.png,Normal,train,0.8924789428710938,3872,2592,3428,1675,31.96
150_JPG.png,TF,train,0.9094033241271973,3872,2592,3201,1445,23.85
150_jpg.png,Normal,train,0.9188424348831177,4288,2848,3979,1456,31.55
151_JPG.png,Normal,train,0.8941495418548584,3872,2592,3577,1860,41.14
151_jpg.png,TF,val,0.8807651996612549,4288,2848,4176,1724,34.16
152_JPG.png,Normal,train,0.9040727019309998,3872,2592,3291,1498,24.08
152_tana_JPG.png,Normal,test,0.8921754360198975,3008,2000,2665,1050,23.1
153_JPG.png,Normal,val,0.8451700210571289,3872,2592,3713,1817,36.89
153_jpg.png,TF,train,0.9510233402252197,4288,2848,4288,1726,32.88
154_JPG.png,Normal,train,0.8330066800117493,3872,2592,3697,2115,44.06
154_tana_JPG.png,Normal,train,0.9084826111793518,3008,2000,2368,1391,32.85
155_JPG.png,Normal,train,0.8327919244766235,3872,2592,3174,1730,32.71
155_tana_JPG.png,Normal,train,0.9113624691963196,3008,2000,2361,1245,29.48
156_JPG.png,Normal,val,0.8335594534873962,3872,2592,3872,1849,41.72
156_jpg.png,Normal,train,0.9345389604568481,4288,2848,4214,1465,29.4
157_JPG.png,Normal,train,0.8584564924240112,3872,2592,3618,1720,33.4
157_tana_JPG.png,Normal,train,0.9079024195671082,3008,2000,2993,1316,36.91
158_JPG.png,Normal,train,0.8489530086517334,3872,2592,3293,1619,26.81
159_JPG.png,TF,val,0.9390923380851746,3872,2592,3471,1563,28.51
159_jpg.png,Normal,val,0.8973955512046814,4288,2848,4242,1755,36.63
15_JPG.png,Normal,train,0.8598420023918152,3872,2592,3345,1819,30.33
160_JPG.png,TF,train,0.8753825426101685,3872,2592,3119,1415,24.34
160_jpg.png,Normal,test,0.9223348498344421,4288,2848,4288,1761,35.72
161_JPG.png,Normal,test,0.8769311904907227,3872,2592,2837,1382,22.96
161_tana_JPG.png,Normal,train,0.9346064329147339,3008,2000,3008,1266,35.88
162_JPG.png,Normal,train,0.8754293322563171,3872,2592,3872,1989,48.94
163_JPG.png,Normal,train,0.9395267367362976,3872,2592,3133,1334,23.84
163_jpg.png,Normal,test,0.7745983600616455,4288,2848,3416,963,16.06
164_JPG.png,Normal,train,0.8664422035217285,3872,2592,2973,1295,21.91
164_jpg.png,Normal,test,0.947242259979248,4288,2848,4288,1463,30.36
165_JPG.png,Normal,train,0.7923030257225037,3872,2592,3666,1850,38.21
166_JPG.png,Normal,train,0.8446902632713318,3872,2592,3568,1765,41.75
166_jpg.png,Normal,train,0.9173709750175476,4288,2848,4260,1604,30.34
167_JPG.png,Normal,train,0.8743029832839966,3872,2592,3408,1643,32.27
167_jpg.png,TF,train,0.9503167867660522,4288,2848,4040,1927,29.14
168_JPG.png,TF,test,0.9384158253669739,3872,2592,2961,1267,21.43
168_jpg.png,TF,val,0.9361928105354309,4288,2848,4288,2072,36.41
169_JPG.png,TF,train,0.9421570897102356,3872,2592,3055,1261,23.34
169_tana_JPG.png,Normal,train,0.7975502610206604,3008,2000,2586,935,19.77
16_JPG.png,Normal,val,0.8715930581092834,3872,2592,3636,1875,39.47
170214_JPG.png,TF,train,0.9359480738639832,3872,2592,3464,1887,44.0
170390_JPG.png,Normal,train,0.9390699863433838,3872,2592,2779,1282,21.08
170423_JPG.png,TF,val,0.9378719925880432,3872,2592,3579,1546,32.41
170434_JPG.png,TF,train,0.9380115270614624,3872,2592,3076,1211,21.64
170687_JPG.png,Normal,train,0.9371441006660461,3872,2592,3224,1497,25.9
170984_JPG.png,Normal,train,0.9590502977371216,3872,2592,3721,1756,36.57
170_JPG.png,Normal,val,0.8163788914680481,3872,2592,3872,1937,50.09
170_tana_JPG.png,Normal,train,0.9154016971588135,3008,2000,3008,1093,34.48
171270_JPG.png,Normal,train,0.9135985374450684,3872,2592,3833,1620,42.05
171_JPG.png,Normal,train,0.9321591258049011,3872,2592,3872,1727,39.92
171_jpg.png,Normal,train,0.834896445274353,4288,2848,4077,1544,25.8
172469_JPG.png,Normal,test,0.9454145431518555,3872,2592,3372,1485,26.21
172832_JPG.png,Normal,train,0.9571042060852051,3872,2592,3464,1638,39.88
172854_JPG.png,Normal,train,0.9603540897369385,3872,2592,3716,1597,38.73
172_JPG.png,Normal,train,0.9402694702148438,3872,2592,3872,1757,45.46
172_jpg.png,Normal,train,0.8695154190063477,4288,2848,3266,1569,24.83
173239_JPG.png,Normal,train,0.9355407953262329,3872,2592,3775,1723,36.74
173404_JPG.png,Normal,test,0.946979284286499,3872,2592,3872,1482,39.18
173_JPG.png,Normal,train,0.8888127207756042,3872,2592,3195,1334,24.8
173_jpg.png,TF,train,0.9322972893714905,4288,2848,4005,1565,30.97
174482_JPG.png,Normal,test,0.9500646591186523,3872,2592,3457,1708,33.22
174_JPG.png,TF,train,0.9276774525642395,3872,2592,3711,1730,36.39
175_JPG.png,TF,train,0.9308418035507202,3872,2592,3305,1417,28.32
175_jpg.png,TF,train,0.9204500317573547,4288,2848,3618,1599,23.63
176_JPG.png,Normal,train,0.8739921450614929,3872,2592,3479,1400,26.33
176_jpg.png,Normal,train,0.9083042144775391,4288,2848,4096,1230,21.88
177_JPG.png,Normal,train,0.9179662466049194,3872,2592,3223,1388,28.61
177_jpg.png,Normal,train,0.881079375743866,4288,2848,3751,1611,23.46
178_JPG.png,Normal,train,0.9122102856636047,3872,2592,3408,1207,25.87
178_jpg.png,Normal,train,0.7643994688987732,4288,2848,3562,1410,20.25
179_JPG.png,Normal,train,0.8970410823822021,3872,2592,3469,1572,31.18
179_jpg.png,Normal,val,0.8672133684158325,4288,2848,3964,1857,35.81
17_JPG.png,Normal,train,0.8787092566490173,3872,2592,3452,1611,30.28
180_JPG.png,Normal,val,0.8233963847160339,3872,2592,3256,1247,18.91
180_jpg.png,Normal,val,0.8328665494918823,4288,2848,4288,1301,30.11
181_JPG.png,Normal,test,0.7002695798873901,3872,2592,3782,1622,31.02
181_tana_JPG.png,Normal,train,0.9543410539627075,3008,2000,2899,1281,40.8
182_JPG.png,Normal,val,0.8853864669799805,3872,2592,3662,1824,38.31
183_JPG.png,Normal,test,0.8911586999893188,3872,2592,3466,1831,32.53
183_jpg.png,Normal,train,0.9280818700790405,4288,2848,4288,1677,36.57
184_JPG.png,Normal,train,0.8320565223693848,3872,2592,3646,1736,30.23
185_JPG.png,Normal,train,0.7317068576812744,3872,2592,2763,1781,32.4
185_jpg.png,Normal,train,0.9495300054550171,4288,2848,4288,1779,38.87
186_JPG.png,Normal,train,0.8274156451225281,3872,2592,3429,1555,28.73
187_JPG.png,Normal,train,0.9086735248565674,3872,2592,2874,1573,23.33
188_JPG.png,Normal,test,0.9251852631568909,3872,2592,3547,1770,32.19
188_jpg.png,Normal,train,0.9304309487342834,4288,2848,4262,1806,34.5
189_JPG.png,Normal,val,0.8218749761581421,3872,2592,3709,1581,32.9
189_jpg.png,Normal,train,0.9327014088630676,4288,2848,4288,1657,38.14
18_JPG.png,Normal,test,0.8978549242019653,3872,2592,3203,1756,34.88
190_JPG.png,Normal,val,0.8626852035522461,3872,2592,3254,1481,27.33
190_jpg.png,Normal,test,0.9230319261550903,4288,2848,4288,1181,25.05
191_JPG.png,Normal,test,0.9204590320587158,3872,2592,3438,1600,31.43
191_jpg.png,Normal,train,0.8422450423240662,4288,2848,4288,1154,27.64
192_JPG.png,Normal,train,0.9116742610931396,3872,2592,3872,1725,42.14
193_JPG.png,Normal,train,0.9099162220954895,3872,2592,3098,1498,25.03
193_jpg.png,TF,train,0.9114552140235901,4288,2848,4114,1549,33.12
194_JPG.png,Normal,train,0.9218922853469849,3872,2592,3806,1722,43.73
194_jpg.png,Normal,val,0.9021682739257812,4288,2848,4288,1946,46.48
195_JPG.png,Normal,val,0.9100697636604309,3872,2592,3485,1691,36.44
195_jpg.png,Normal,train,0.9349584579467773,4288,2848,4288,1846,41.41
196_JPG.png,Normal,train,0.8946828246116638,3872,2592,3225,1662,31.57
196_jpg.png,TF,train,0.9546065926551819,4288,2848,4288,1610,31.14
197_JPG.png,Normal,train,0.822039783000946,3872,2592,3211,1728,34.08
198_JPG.png,Normal,train,0.869473397731781,3872,2592,3546,1437,27.45
199_JPG.png,Normal,train,0.9214415550231934,3872,2592,3863,1871,40.31
199_jpg.png,TF,val,0.9023617506027222,4288,2848,4204,1943,34.94
19_JPG.png,Normal,train,0.8811998963356018,3872,2592,3469,1300,24.69
1_JPG.png,Normal,train,0.7780529856681824,3872,2592,3240,1802,28.49
200_JPG.png,Normal,val,0.9009149074554443,3872,2592,3124,1757,25.51
200_jpg.png,Normal,train,0.8824721574783325,4288,2848,3432,1660,24.58
201_JPG.png,Normal,val,0.9431856870651245,3872,2592,3169,1662,26.03
201_jpg.png,Normal,train,0.9156675338745117,4288,2848,4017,1597,23.01
202_JPG.png,Normal,val,0.9086199402809143,3872,2592,2943,1655,29.45
202_jpg.png,Normal,train,0.9254573583602905,4288,2848,4288,1490,37.12
203_JPG.png,Normal,train,0.8941360712051392,3872,2592,3149,1902,33.28
203_tana_JPG.png,Normal,train,0.9146990180015564,3008,2000,3008,1140,36.18
204_JPG.png,Normal,train,0.8836394548416138,3872,2592,3587,1380,24.9
204_jpg.png,Normal,val,0.9059198498725891,4288,2848,3888,1613,27.84
205_JPG.png,Normal,train,0.8557096123695374,3872,2592,3872,2013,40.45
205_jpg.png,Normal,val,0.9167588949203491,4288,2848,4158,1460,27.14
206_JPG.png,Normal,train,0.6588230133056641,3872,2592,3872,1576,38.52
206_jpg.png,TF,train,0.7967062592506409,4288,2848,4252,1068,22.02
207_JPG.png,Normal,train,0.9057152271270752,3872,2592,3515,1367,28.98
207_jpg.png,Normal,train,0.7768235206604004,4288,2848,3792,1267,20.71
208_JPG.png,Normal,train,0.9326476454734802,3872,2592,3247,1129,20.45
208_tana_JPG.png,TF,train,0.8689054250717163,3008,2000,2969,1068,27.11
209231_JPG.png,TF,val,0.9391340017318726,3872,2592,3644,1721,40.58
209341_JPG.png,Normal,train,0.9599019289016724,3872,2592,3086,1644,30.12
209506_JPG.png,Normal,train,0.9451506733894348,3872,2592,3640,1412,30.25
209_JPG.png,Normal,train,0.8489149808883667,3872,2592,3507,1218,23.36
20_JPG.png,Normal,train,0.8407933115959167,3872,2592,3557,1723,28.78
210_JPG.png,Normal,val,0.832941472530365,3872,2592,3579,1317,29.89
211_JPG.png,TF,train,0.9073654413223267,3872,2592,3872,1687,44.03
211_tana_JPG.png,TF,train,0.8198602795600891,3008,2000,2686,1161,23.7
212311_JPG.png,Normal,test,0.9000570178031921,3872,2592,3707,1499,36.36
212564_JPG.png,Normal,val,0.9635985493659973,3872,2592,3272,1573,30.24
212_JPG.png,TF,test,0.8680930137634277,3872,2592,3258,1718,32.52
213499_JPG.png,Normal,train,0.9452146291732788,3872,2592,3536,1644,32.81
213_JPG.png,Normal,val,0.9067115783691406,3872,2592,3745,1646,36.64
213_jpg.png,Normal,val,0.6935634016990662,4288,2848,2711,1082,13.16
214170_JPG.png,TF,train,0.917156994342804,3872,2592,3872,1401,32.49
214478_JPG.png,Normal,train,0.9121831655502319,3872,2592,3872,1445,34.76
214_JPG.png,Normal,train,0.8443583846092224,3872,2592,3364,1675,31.24
215094_JPG.png,TF,train,0.9045371413230896,3872,2592,3719,1392,31.34
215105_JPG.png,TF,val,0.954282283782959,3872,2592,3661,1554,37.22
215325_JPG.png,Normal,train,0.926904559135437,3872,2592,3242,1590,31.47
215424_JPG.png,TF,train,0.9398773908615112,3872,2592,3766,1484,37.46
215677_JPG.png,Normal,test,0.9243427515029907,3872,2592,3207,1109,19.96
215_JPG.png,Normal,train,0.9114271998405457,3872,2592,3795,1551,30.01
215_jpg.png,Normal,train,0.8940407633781433,4288,2848,4288,2338,47.65
216_JPG.png,Normal,train,0.9353399276733398,3872,2592,3505,1522,29.5
216_jpg.png,Normal,train,0.9143882989883423,4288,2848,3830,1604,29.22
217536_JPG.png,TF,train,0.9313677549362183,3872,2592,3704,1538,37.22
217976_JPG.png,Normal,train,0.9119298458099365,3872,2592,3214,1634,33.34
217_JPG.png,Normal,train,0.8106408715248108,3872,2592,3264,1487,25.01
218284_JPG.png,TF,train,0.9173817038536072,3872,2592,3820,1652,37.24
218625_JPG.png,Normal,test,0.9429748058319092,3872,2592,3765,1663,38.68
218713_JPG.png,TF,train,0.9235302805900574,3872,2592,3572,1637,35.13
218_JPG.png,Normal,val,0.9047929048538208,3872,2592,3286,1953,42.58
219076_JPG.png,Normal,val,0.9517230987548828,3872,2592,3872,1654,41.98
219406_JPG.png,Normal,train,0.9492519497871399,3872,2592,3872,1782,43.12
219835_JPG.png,Normal,train,0.9386639595031738,3872,2592,3522,1756,39.42
219_JPG.png,Normal,train,0.8615800142288208,3872,2592,3688,1599,31.33
219_jpg.png,TF,train,0.7804615497589111,4288,2848,3367,2570,23.35
21_JPG.png,Normal,train,0.9105124473571777,3872,2592,3142,1772,31.38
220583_JPG.png,TF,train,0.9260749220848083,3872,2592,3872,1481,38.52
220935_JPG.png,Normal,train,0.9463950991630554,3872,2592,3637,1485,33.64
220_JPG.png,Normal,test,0.8548241853713989,3872,2592,3567,1717,34.66
221452_JPG.png,Normal,test,0.9438723921775818,3872,2592,3872,1499,35.83
221_JPG.png,Normal,train,0.9052243232727051,3872,2592,3745,1637,33.81
221_jpg.png,Normal,train,0.935067355632782,4288,2848,4178,1816,34.46
222189_JPG.png,Normal,train,0.9424177408218384,3872,2592,3071,1314,22.61
222_JPG.png,Normal,train,0.8884610533714294,3872,2592,3651,1756,37.07
223894_JPG.png,Normal,train,0.9367018938064575,3872,2592,2900,1493,23.15
223_JPG.png,Normal,val,0.9219436049461365,3872,2592,3872,1752,37.62
223_tana_JPG.png,Normal,test,0.9076443314552307,3008,2000,2834,1206,34.74
224257_JPG.png,Normal,train,0.9050666689872742,3872,2592,3867,1498,29.07
224587_JPG.png,TF,train,0.947396457195282,3872,2592,2729,1597,25.82
224675_JPG.png,TF,test,0.9421693682670593,3872,2592,3872,1514,38.86
224_JPG.png,Normal,val,0.8972600102424622,3872,2592,3442,1586,34.23
224_jpg.png,Normal,test,0.9405410289764404,4288,2848,4288,1717,32.19
225_JPG.png,Normal,train,0.8105224967002869,3872,2592,3566,1812,39.14
226160_JPG.png,Normal,train,0.8704482913017273,3872,2592,3526,1589,32.29
226666_JPG.png,Normal,val,0.9533544182777405,3872,2592,3848,1710,41.96
226_JPG.png,Normal,train,0.8316149711608887,3872,2592,3542,1698,34.62
226_jpg.png,TF,test,0.9129952192306519,4288,2848,3452,1656,26.69
227_JPG.png,Normal,train,0.8404079079627991,3872,2592,3540,1655,30.81
228_JPG.png,Normal,train,0.9124000668525696,3872,2592,3328,1468,26.31
229636_JPG.png,TF,train,0.9536819458007812,3872,2592,3872,1547,35.31
229757_JPG.png,TF,test,0.9389508366584778,3872,2592,3767,1696,39.8
229889_JPG.png,TF,train,0.9503028392791748,3872,2592,3794,1611,34.8
229_JPG.png,Normal,test,0.8605815768241882,3872,2592,2664,1343,19.59
229_jpg.png,Normal,train,0.9296999573707581,4288,2848,4288,1589,37.22
22_JPG.png,Normal,train,0.8403750061988831,3872,2592,3432,1948,36.11
230197_JPG.png,Normal,val,0.9707376956939697,3872,2592,3330,1682,37.35
230802_JPG.png,Normal,val,0.9543433785438538,3872,2592,3418,1459,29.47
230_JPG.png,Normal,train,0.9412474036216736,3872,2592,3646,1388,28.47
230_jpg.png,TF,train,0.734538197517395,4288,2848,3918,1301,23.51
231638_JPG.png,Normal,train,0.8973008990287781,3872,2592,3872,1676,41.96
231_JPG.png,Normal,val,0.8356191515922546,3872,2592,3872,1480,35.51
231_jpg.png,TF,train,0.9146522283554077,4288,2848,4288,1493,34.83
232_JPG.png,Normal,train,0.9105374217033386,3872,2592,3447,1516,31.67
233_JPG.png,Normal,val,0.871069073677063,3872,2592,3462,1270,27.45
233_jpg.png,Normal,val,0.9224955439567566,4288,2848,4288,1719,39.68
234_JPG.png,Normal,train,0.7872587442398071,3872,2592,3323,1509,28.41
234_jpg.png,Normal,train,0.877679705619812,4288,2848,4206,2110,30.16
235_JPG.png,Normal,val,0.8405296206474304,3872,2592,3117,1250,22.68
235_tana_JPG.png,Normal,val,0.9387370347976685,3008,2000,3008,1107,31.74
236_JPG.png,Normal,train,0.9077391028404236,3872,2592,3626,1478,28.76
236_jpg.png,TF,train,0.9272390007972717,4288,2848,4288,1740,38.41
237_JPG.png,Normal,train,0.9677135944366455,3872,2592,3460,1840,34.44
237_jpg.png,Normal,train,0.8660126328468323,4288,2848,3827,1436,28.49
238_JPG.png,Normal,train,0.8197923302650452,3872,2592,3163,1207,20.25
238_tana_JPG.png,Normal,train,0.9329013824462891,3008,2000,3008,1189,33.74
239_JPG.png,Normal,train,0.9149867296218872,3872,2592,3372,2107,31.26
239_jpg.png,Normal,train,0.9170056581497192,4288,2848,3982,1724,31.13
23_JPG.png,Normal,train,0.8516201376914978,3872,2592,3196,1576,26.98
240_JPG.png,Normal,train,0.943893313407898,3872,2592,3308,1226,22.52
241_JPG.png,Normal,val,0.7845686078071594,3872,2592,3480,1458,27.5
241_jpg.png,Normal,test,0.8916342854499817,4288,2848,4103,1599,29.8
242_JPG.png,Normal,test,0.9164447784423828,3872,2592,3794,1629,29.72
243_JPG.png,Normal,train,0.9380526542663574,3872,2592,3311,1525,28.25
244_JPG.png,Normal,train,0.9106106162071228,3872,2592,3107,1092,18.79
244_jpg.png,Normal,train,0.916020929813385,4288,2848,4031,1400,25.85
245_JPG.png,Normal,train,0.7160870432853699,3872,2592,3226,1379,21.66
246_JPG.png,Normal,train,0.8788602352142334,3872,2592,3872,1770,43.94
246_jpg.png,Normal,val,0.9149644374847412,4288,2848,4277,1719,36.82
247_JPG.png,Normal,val,0.9375789761543274,3872,2592,3562,1653,33.66
247_jpg.png,Normal,train,0.8703640699386597,4288,2848,4288,1660,31.44
248_JPG.png,Normal,test,0.9264713525772095,3872,2592,3753,1588,36.64
248_jpg.png,Normal,train,0.8617731928825378,4288,2848,4251,1688,32.0
249_JPG.png,Normal,train,0.8684893846511841,3872,2592,3872,1720,42.82
24_JPG.png,Normal,train,0.8072866201400757,3872,2592,3267,1624,25.88
250_JPG.png,Normal,train,0.8973947167396545,3872,2592,3191,1287,22.83
250_tana_JPG.png,TF,test,0.9048269987106323,3008,2000,2638,1250,34.84
251_JPG.png,Normal,val,0.9512131214141846,3872,2592,3855,1651,34.84
251_jpg.png,Normal,train,0.9381715655326843,4288,2848,4288,1712,42.77
252_JPG.png,Normal,train,0.8772217631340027,3872,2592,3872,1636,39.52
252_tana_JPG.png,Normal,test,0.9062055349349976,3008,2000,2592,981,25.43
253_JPG.png,Normal,test,0.9026473760604858,3872,2592,2915,1446,23.71
253_jpg.png,TI,train,0.9249772429466248,4288,2848,3478,1684,26.79
254_JPG.png,Normal,val,0.9009518623352051,3872,2592,3680,1595,36.93
255_JPG.png,Normal,train,0.9403690695762634,3872,2592,3494,1124,20.59
255_tana_JPG.png,TF,train,0.9367231726646423,3008,2000,3008,1282,44.61
256_JPG.png,Normal,train,0.9321832060813904,3872,2592,3481,1450,29.45
256_tana_JPG.png,Normal,train,0.9349749088287354,3008,2000,2749,1150,33.76
257_JPG.png,Normal,test,0.7229145169258118,3872,2592,3126,1314,21.48
257_jpg.png,Normal,train,0.6900427937507629,4288,2848,3584,1504,20.13
258_JPG.png,TF,train,0.909570038318634,3872,2592,3527,1334,25.43
258_jpg.png,Normal,test,0.887902557849884,4288,2848,3725,1695,30.98
259_JPG.png,Normal,train,0.8448845744132996,3872,2592,3635,1805,36.95
25_JPG.png,Normal,test,0.7583726048469543,3872,2592,2897,1237,21.36
260_JPG.png,Normal,train,0.8429591655731201,3872,2592,3828,1659,41.21
260_jpg.png,Normal,val,0.8275377750396729,4288,2848,3375,1036,14.26
261_JPG.png,Normal,train,0.904270350933075,3872,2592,3529,1474,33.14
261_jpg.png,Normal,train,0.8975866436958313,4288,2848,4288,1721,40.16
262_JPG.png,Normal,train,0.9227571487426758,3872,2592,3558,1946,34.64
262_jpg.png,Normal,train,0.8699490427970886,4288,2848,4037,1567,30.25
263_JPG.png,Normal,train,0.8776099681854248,3872,2592,3317,1346,27.73
263_jpg.png,Normal,train,0.9285476803779602,4288,2848,4288,1872,39.87
264_JPG.png,Normal,train,0.7312954664230347,3872,2592,3273,1665,25.83
265_JPG.png,Normal,train,0.8676037788391113,3872,2592,3872,1609,38.94
265_jpg.png,Normal,train,0.9345435500144958,4288,2848,3559,1741,34.88
266_JPG.png,Normal,val,0.8397231698036194,3872,2592,3872,1802,37.22
266_jpg.png,Normal,train,0.9133857488632202,4288,2848,4288,1494,28.42
267_JPG.png,Normal,train,0.8760800957679749,3872,2592,3764,1421,29.52
267_tana_JPG.png,Normal,test,0.9025761485099792,3008,2000,2733,1054,23.81
268_JPG.png,Normal,train,0.9208434820175171,3872,2592,3804,1505,29.15
268_jpg.png,Normal,train,0.7446790337562561,4288,2848,3947,1387,22.16
269_JPG.png,Normal,test,0.9107921123504639,3872,2592,3490,1349,24.41
26_JPG.png,Normal,val,0.7521572709083557,3872,2592,3872,1808,37.88
270_JPG.png,Normal,train,0.8471832275390625,3872,2592,3872,1923,45.59
271_JPG.png,Normal,train,0.949081301689148,3872,2592,3326,1190,22.87
271_jpg.png,Normal,train,0.9166156053543091,4288,2848,4062,1545,31.15
272_JPG.png,Normal,train,0.9323381781578064,3872,2592,3002,1488,27.3
272_jpg.png,Normal,train,0.9324617385864258,4288,2848,4288,1829,44.23
273_JPG.png,Normal,test,0.8908979892730713,3872,2592,2896,1325,24.34
273_jpg.png,TF,train,0.9092038869857788,4288,2848,4153,1778,35.9
274_JPG.png,Normal,train,0.8024096488952637,3872,2592,2724,1604,27.18
274_tana_JPG.png,Normal,val,0.9119545221328735,3008,2000,3008,1200,40.71
275_JPG.png,Normal,train,0.8821753263473511,3872,2592,3385,1086,20.0
276_JPG.png,Normal,train,0.9008557796478271,3872,2592,3009,1300,23.0
276_jpg.png,Normal,test,0.8307321071624756,4288,2848,3913,2050,27.29
277_JPG.png,Normal,train,0.84889817237854,3872,2592,3791,1720,36.4
277_jpg.png,Normal,train,0.8876155018806458,4288,2848,4259,1586,28.29
278_JPG.png,Normal,train,0.9054884910583496,3872,2592,3229,1745,31.89
278_jpg.png,TF,train,0.9670835733413696,4288,2848,3762,1920,33.34
279_JPG.png,Normal,val,0.8618400692939758,3872,2592,3044,1703,31.79
279_tana_JPG.png,Normal,train,0.8692179322242737,3008,2000,2916,1277,38.97
27_JPG.png,Normal,train,0.6983938217163086,3872,2592,3831,1556,34.53
280_JPG.png,Normal,val,0.8699794411659241,3872,2592,3872,1746,37.93
280_jpg.png,Normal,train,0.8877139091491699,4288,2848,4288,1656,32.81
281_JPG.png,Normal,train,0.8115905523300171,3872,2592,3872,1421,35.36
281_jpg.png,TF,train,0.8774583339691162,4288,2848,3401,1328,21.26
282_JPG.png,Normal,train,0.9354416728019714,3872,2592,3126,1823,29.09
282_jpg.png,Normal,train,0.8669862747192383,4288,2848,3441,2007,29.4
283_JPG.png,Normal,train,0.8935099244117737,3872,2592,3695,1751,33.57
284_JPG.png,Normal,train,0.8944589495658875,3872,2592,3729,1634,32.95
285_JPG.png,Normal,train,0.9004509449005127,3872,2592,3488,1468,33.71
285_tana_JPG.png,Normal,train,0.9319007396697998,3008,2000,2281,963,22.51
286_JPG.png,Normal,val,0.8051135540008545,3872,2592,3357,1468,23.77
287_JPG.png,Normal,train,0.898383378982544,3872,2592,3872,2060,49.85
287_jpg.png,Normal,train,0.8974481821060181,4288,2848,4167,1753,27.04
288_JPG.png,Normal,train,0.8138995170593262,3872,2592,3800,1579,28.75
288_jpg.png,TF,train,0.908639669418335,4288,2848,3876,1633,29.88
289_JPG.png,Normal,val,0.9525366425514221,3872,2592,3800,1885,36.51
289_tana_JPG.png,TF,test,0.8566471934318542,3008,2000,2771,934,27.63
28_JPG.png,Normal,train,0.9069591760635376,3872,2592,3083,1621,24.18
290_JPG.png,Normal,val,0.9469219446182251,3872,2592,3817,1906,50.69
290_jpg.png,Normal,train,0.8183451890945435,4288,2848,4097,1566,24.14
291_JPG.png,Normal,val,0.950735867023468,3872,2592,3372,1541,29.89
291_jpg.png,Normal,train,0.8830258250236511,4288,2848,4288,1601,33.76
292_JPG.png,Normal,val,0.9253984689712524,3872,2592,3750,1724,32.97
292_jpg.png,Normal,train,0.9437119960784912,4288,2848,4288,1522,35.47
293_JPG.png,Normal,train,0.9027759432792664,3872,2592,3255,1610,29.75
293_jpg.png,Normal,train,0.8657504320144653,4288,2848,3435,1486,24.09
294_JPG.png,Normal,test,0.8695806264877319,3872,2592,3038,1724,25.6
294_tana_JPG.png,Normal,train,0.8832623362541199,3008,2000,3008,1158,34.76
295_JPG.png,Normal,train,0.8712841272354126,3872,2592,2921,1361,23.41
295_jpg.png,TF,val,0.8510912656784058,4288,2848,4288,1433,32.99
296_JPG.png,Normal,train,0.8787544369697571,3872,2592,3872,2143,46.09
296_jpg.png,Normal,train,0.828558623790741,4288,2848,3711,1603,27.21
297_JPG.png,Normal,val,0.928881824016571,3872,2592,3780,1685,36.39
297_jpg.png,Normal,test,0.9221326112747192,4288,2848,4214,1720,37.59
298_JPG.png,Normal,train,0.9280650019645691,3872,2592,3567,1654,29.99
298_jpg.png,Normal,train,0.9352179765701294,4288,2848,4288,2167,49.85
299_JPG.png,Normal,train,0.9423495531082153,3872,2592,3872,1691,39.37
299_jpg.png,TF,val,0.8781749606132507,4288,2848,3941,1571,28.54
29_JPG.png,Normal,train,0.8981473445892334,3872,2592,3668,1568,27.67
2_JPG.png,Normal,val,0.8292919993400574,3872,2592,2259,1536,19.69
300_JPG.png,Normal,train,0.8803256154060364,3872,2592,3850,1897,42.09
301_JPG.png,Normal,train,0.8044192790985107,3872,2592,3563,1500,32.23
301_jpg.png,Normal,test,0.8404314517974854,4288,2848,3854,1273,23.96
302_JPG.png,Normal,train,0.9223432540893555,3872,2592,3765,1875,38.99
302_tana_JPG.png,Normal,test,0.882542610168457,3008,2000,2862,1150,33.36
303_JPG.png,Normal,val,0.8205283284187317,3872,2592,3311,1456,29.02
303_tana_JPG.png,Normal,train,0.8955258131027222,3008,2000,2952,1082,30.4
304_JPG.png,Normal,train,0.947937548160553,3872,2592,3747,1557,33.48
304_jpg.png,Normal,train,0.8888211846351624,4288,2848,4288,1679,34.07
305_JPG.png,Normal,train,0.9157034754753113,3872,2592,3486,1291,25.92
305_jpg.png,Normal,train,0.8066529035568237,4288,2848,4288,1326,28.42
306_JPG.png,Normal,train,0.8574193120002747,3872,2592,3246,1530,33.45
306_jpg.png,TF,test,0.8784744143486023,4288,2848,4236,1202,26.29
307_JPG.png,Normal,train,0.8571450114250183,3872,2592,3658,1532,34.73
307_jpg.png,Normal,train,0.8947647213935852,4288,2848,4287,2289,42.99
308_JPG.png,Normal,train,0.8075218200683594,3872,2592,2749,1356,26.2
309_JPG.png,Normal,train,0.8493587970733643,3872,2592,3331,1214,26.52
309_jpg.png,TF,train,0.8770260810852051,4288,2848,4122,1840,33.25
30_JPG.png,Normal,train,0.843845546245575,3872,2592,2326,1791,18.18
310_JPG.png,Normal,train,0.8912758231163025,3872,2592,3851,1689,34.79
310_jpg.png,TF,train,0.9340605139732361,4288,2848,3861,2042,32.03
311_JPG.png,Normal,val,0.872795581817627,3872,2592,3618,1346,28.77
311_jpg.png,Normal,train,0.9365695118904114,4288,2848,3662,1263,22.89
312_JPG.png,Normal,train,0.9430327415466309,3872,2592,3872,1763,40.65
313_JPG.png,Normal,test,0.9202062487602234,3872,2592,3522,1455,33.15
313_jpg.png,Normal,train,0.8895984292030334,4288,2848,4286,1510,30.57
314_JPG.png,Normal,train,0.9195581674575806,3872,2592,2775,1888,28.82
315_JPG.png,Normal,train,0.9316352009773254,3872,2592,3509,1749,33.3
315_jpg.png,Normal,train,0.92573481798172,4288,2848,3401,1743,30.1
316_JPG.png,Normal,test,0.9005357027053833,3872,2592,3758,1529,33.48
316_jpg.png,TF,val,0.9108560681343079,4288,2848,4230,2225,36.72
317_JPG.png,Normal,train,0.9416985511779785,3872,2592,3598,1719,35.67
318_JPG.png,Normal,train,0.9183256030082703,3872,2592,3424,1754,31.91
318_jpg.png,Normal,train,0.7511947751045227,4288,2848,4262,1399,23.1
319_JPG.png,Normal,train,0.8482652902603149,3872,2592,3670,1722,38.36
319_jpg.png,Normal,train,0.8583418130874634,4288,2848,4288,1897,34.07
31_JPG.png,Normal,train,0.9469186067581177,3872,2592,3584,1720,31.35
320_JPG.png,Normal,test,0.9267681241035461,3872,2592,3845,1425,30.81
320_jpg.png,Normal,val,0.8946551084518433,4288,2848,4288,1802,33.11
321_JPG.png,Normal,train,0.940338134765625,3872,2592,3107,1089,18.05
321_tana_JPG.png,Normal,train,0.8933756351470947,3008,2000,2805,977,29.21
322_JPG.png,Normal,train,0.9492658972740173,3872,2592,3539,1548,38.84
323_JPG.png,Normal,train,0.9242162704467773,3872,2592,3872,2215,43.14
323_jpg.png,Normal,train,0.9363721609115601,4288,2848,4288,1414,34.02
324_JPG.png,Normal,train,0.7790666222572327,3872,2592,3765,1937,40.49
325_JPG.png,Normal,train,0.8727678060531616,3872,2592,3321,1360,24.0
326_JPG.png,Normal,val,0.821237325668335,3872,2592,3164,1371,20.78
326_jpg.png,Normal,test,0.9129976034164429,4288,2848,4288,1509,32.02
327_JPG.png,Normal,train,0.8485702276229858,3872,2592,3872,1900,42.36
328_JPG.png,Normal,train,0.7715265154838562,3872,2592,3872,1692,38.36
329_JPG.png,Normal,val,0.8364360928535461,3872,2592,3635,1618,30.85
329_tana_JPG.png,TF,train,0.9429909586906433,3008,2000,2678,1113,30.07
32_JPG.png,Normal,train,0.8685810565948486,3872,2592,3756,1739,36.36
330_JPG.png,Normal,test,0.9407259225845337,3872,2592,3349,1558,27.48
330_jpg.png,Normal,train,0.9240032434463501,4288,2848,4288,1901,41.03
331_JPG.png,Normal,train,0.9054400324821472,3872,2592,3835,1884,44.75
331_jpg.png,Normal,train,0.9097111225128174,4288,2848,4288,1481,34.92
332_JPG.png,Normal,train,0.6334034204483032,3872,2592,3306,1674,33.98
332_jpg.png,Normal,train,0.8754853010177612,4288,2848,3199,1637,19.68
333_JPG.png,Normal,train,0.9083906412124634,3872,2592,3872,1855,43.98
333_tana_JPG.png,Normal,train,0.9477306604385376,3008,2000,3008,1384,42.37
334_JPG.png,Normal,train,0.883518636226654,3872,2592,3495,1477,28.18
334_jpg.png,Normal,train,0.9310721755027771,4288,2848,4288,1586,32.52
335_JPG.png,Normal,test,0.9074808359146118,3872,2592,3872,2038,41.35
336_JPG.png,Normal,val,0.5667,3872,2592,3872,2102,57.21
336_jpg.png,Normal,train,0.9460852742195129,4288,2848,4288,1800,33.23
337_JPG.png,Normal,train,0.935318112373352,3872,2592,3310,1614,34.61
337_jpg.png,Normal,train,0.8081618547439575,4288,2848,4027,1472,27.46
338_JPG.png,Normal,val,0.9161947965621948,3872,2592,3458,1410,30.52
338_jpg.png,Normal,test,0.9270025491714478,4288,2848,4220,1546,30.24
339_JPG.png,Normal,train,0.8539302945137024,3872,2592,3872,1455,37.98
339_jpg.png,Normal,train,0.9114952087402344,4288,2848,4288,1462,31.72
33_JPG.png,Normal,train,0.9069895148277283,3872,2592,3685,1398,31.05
340_JPG.png,Normal,train,0.7538303136825562,3872,2592,3872,1827,39.2
340_jpg.png,Normal,train,0.881542444229126,4288,2848,4288,1706,31.75
341_JPG.png,Normal,train,0.7832385897636414,3872,2592,3872,1708,34.31
342_JPG.png,Normal,train,0.8449620008468628,3872,2592,3531,1581,32.64
343_JPG.png,Normal,train,0.875113308429718,3872,2592,3872,1861,42.68
343_jpg.png,Normal,test,0.9054830074310303,4288,2848,4043,2154,29.61
344_JPG.png,Normal,train,0.863172709941864,3872,2592,3736,1665,41.24
344_tana_JPG.png,TF,train,0.9034079909324646,3008,2000,2598,1083,26.61
345_JPG.png,Normal,train,0.9131779670715332,3872,2592,3723,1863,41.56
345_jpg.png,TF,train,0.9361950159072876,4288,2848,3943,1971,36.53
346_JPG.png,Normal,test,0.9253559708595276,3872,2592,3293,1876,40.03
346_jpg.png,Normal,train,0.8583713173866272,4288,2848,3825,1822,34.82
347_JPG.png,Normal,test,0.8441219925880432,3872,2592,3569,1814,32.8
347_tana_JPG.png,Normal,test,0.8612019419670105,3008,2000,2812,1191,28.59
348_JPG.png,Normal,val,0.8463923335075378,3872,2592,3470,1329,26.44
349_JPG.png,Normal,train,0.8713240623474121,3872,2592,3814,1763,37.81
34_JPG.png,Normal,train,0.9260105490684509,3872,2592,3150,1810,24.56
350_JPG.png,Normal,train,0.8495832681655884,3872,2592,3870,1438,35.33
350_tana_JPG.png,TF,train,0.8878748416900635,3008,2000,2595,1184,28.82
351_JPG.png,Normal,test,0.8899176120758057,3872,2592,3203,1302,24.77
352_JPG.png,Normal,train,0.8702609539031982,3872,2592,3872,2104,53.1
353_JPG.png,Normal,train,0.877781331539154,3872,2592,3872,1897,42.59
353_jpg.png,Normal,train,0.8645705580711365,4288,2848,4288,1629,32.49
354_JPG.png,Normal,train,0.9426587224006653,3872,2592,3344,1866,37.04
354_tana_JPG.png,Normal,train,0.9238671064376831,3008,2000,2844,1196,30.42
355_JPG.png,Normal,train,0.5999274253845215,3872,2592,2902,1371,20.89
355_tana_JPG.png,TF,train,0.9283856749534607,3008,2000,2744,1247,34.69
356_JPG.png,Normal,val,0.8810322880744934,3872,2592,3218,1601,29.95
356_jpg.png,Normal,test,0.9104307293891907,4288,2848,4288,1274,27.03
357_JPG.png,Normal,train,0.8253483176231384,3872,2592,3872,1612,36.79
357_jpg.png,TF,train,0.9290945529937744,4288,2848,4288,1930,37.32
358_JPG.png,Normal,test,0.8007826805114746,3872,2592,3840,1532,29.47
358_jpg.png,Normal,train,0.9310640096664429,4288,2848,4288,1700,41.44
359_JPG.png,Normal,test,0.5967538952827454,3872,2592,3765,1601,35.43
359_jpg.png,Normal,test,0.8235281109809875,4288,2848,2836,1835,16.12
35_JPG.png,Normal,val,0.9438968300819397,3872,2592,3438,1442,27.87
360_JPG.png,Normal,train,0.8948816061019897,3872,2592,3248,1368,26.46
360_jpg.png,Normal,test,0.7981083989143372,4288,2848,3930,1758,26.16
361_JPG.png,Normal,train,0.8769586086273193,3872,2592,3544,1455,28.04
361_tana_JPG.png,Normal,test,0.9194284081459045,3008,2000,2631,1113,31.25
362_JPG.png,Normal,train,0.8666170239448547,3872,2592,3872,1459,33.83
362_jpg.png,Normal,train,0.9222778081893921,4288,2848,4288,1839,37.52
363_JPG.png,Normal,train,0.8355730772018433,3872,2592,3335,1655,33.03
363_tana_JPG.png,Normal,train,0.8812492489814758,3008,2000,3008,1124,37.77
364_JPG.png,Normal,train,0.6683813333511353,3872,2592,2981,1113,21.75
364_jpg.png,Normal,train,0.8358985781669617,4288,2848,3367,1332,22.78
365_JPG.png,Normal,train,0.8720155358314514,3872,2592,3872,1572,37.73
365_jpg.png,Normal,train,0.7012397646903992,4288,2848,4169,2426,36.25
366_JPG.png,Normal,train,0.826878547668457,3872,2592,3701,1537,27.92
367_JPG.png,Normal,train,0.8706431984901428,3872,2592,3089,1692,29.36
367_jpg.png,Normal,train,0.9091055393218994,4288,2848,4186,1611,33.07
368_JPG.png,Normal,train,0.7759616374969482,3872,2592,3872,1534,32.57
368_jpg.png,Normal,val,0.9012346863746643,4288,2848,3896,2369,30.89
369_JPG.png,Normal,val,0.8928321599960327,3872,2592,3470,1542,30.05
369_jpg.png,Normal,test,0.9284371733665466,4288,2848,4288,2260,37.83
36_JPG.png,Normal,train,0.8314254283905029,3872,2592,3698,1712,38.3
370_jpg.png,Normal,test,0.9436545372009277,4288,2848,4257,1726,30.04
371_JPG.png,Normal,train,0.760099470615387,3872,2592,3364,1754,32.0
372_JPG.png,Normal,train,0.8183498978614807,3872,2592,3090,1541,29.53
372_jpg.png,Normal,train,0.8546672463417053,4288,2848,4103,1923,35.09
373_JPG.png,Normal,val,0.806,3872,2592,2730,1353,19.41
373_jpg.png,Normal,train,0.9074167609214783,3008,2000,3008,1491,43.53
374_JPG.png,Normal,train,0.8554972410202026,3872,2592,3836,1604,34.67
375_JPG.png,Normal,train,0.7340739369392395,3872,2592,3872,1872,42.74
375_tana_JPG.png,TF,train,0.9355350136756897,3008,2000,1991,938,20.77
376_JPG.png,Normal,train,0.926417350769043,3872,2592,3872,1851,44.72
376_tana_JPG.png,TI,train,0.875490665435791,3008,2000,3008,1229,37.09
377_JPG.png,Normal,train,0.8707155585289001,3872,2592,3583,1537,33.3
378_JPG.png,Normal,test,0.8837015628814697,3872,2592,3692,1475,31.89
378_jpg.png,Normal,train,0.9349243640899658,4288,2848,4264,2098,33.36
379_JPG.png,Normal,test,0.925754725933075,3872,2592,3694,1952,40.87
379_tana_JPG.png,TF,test,0.956950843334198,3008,2000,2721,1330,36.15
37_JPG.png,Normal,train,0.8472088575363159,3872,2592,3636,1530,32.09
380_JPG.png,Normal,train,0.9047663807868958,3872,2592,3872,1787,42.31
380_tana_JPG.png,TF,train,0.9474942088127136,3008,2000,2936,1200,38.51
381_JPG.png,Normal,train,0.8253794312477112,3872,2592,3631,1288,26.2
382_JPG.png,Normal,test,0.9355093836784363,3872,2592,3872,1758,40.37
382_jpg.png,TF,train,0.9012784361839294,4288,2848,4182,1526,26.91
383_JPG.png,Normal,train,0.8431158661842346,3872,2592,3666,1657,32.99
383_tana_JPG.png,Normal,train,0.9480477571487427,3008,2000,2506,1303,33.04
384_JPG.png,Normal,train,0.8839106559753418,3872,2592,3785,1722,35.22
384_tana_JPG.png,TF,test,0.945977509021759,3008,2000,2810,1305,35.07
385_JPG.png,Normal,train,0.9012981057167053,3872,2592,3752,1734,38.43
385_jpg.png,Normal,train,0.897591769695282,4288,2848,3466,2140,33.51
386_JPG.png,Normal,train,0.7963560819625854,3872,2592,3279,1727,27.73
387_JPG.png,Normal,train,0.8185963034629822,3872,2592,3872,1921,41.77
388_JPG.png,Normal,train,0.7192057967185974,3872,2592,3491,1843,35.31
388_jpg.png,TF,train,0.9136896133422852,4288,2848,4209,2166,41.05
389_JPG.png,Normal,val,0.7588409781455994,3872,2592,3815,1819,39.83
389_jpg.png,Normal,train,0.7677558660507202,4288,2848,4288,1396,31.14
38_JPG.png,Normal,train,0.8424842357635498,3872,2592,3723,1744,35.61
390_JPG.png,Normal,train,0.9278620481491089,3872,2592,3002,1857,33.79
390_jpg.png,Normal,train,0.7442706823348999,4288,2848,4129,1041,18.43
391_JPG.png,Normal,train,0.9045878648757935,3872,2592,3199,1526,25.36
392_JPG.png,Normal,train,0.9265472292900085,3872,2592,2850,1457,25.03
392_jpg.png,Normal,train,0.9268511533737183,4288,2848,4225,1684,36.39
393_JPG.png,Normal,train,0.8083779811859131,3872,2592,3340,1753,34.49
393_jpg.png,Normal,val,0.8806984424591064,4288,2848,4288,1401,33.46
394_JPG.png,Normal,train,0.923836350440979,3872,2592,3211,1521,30.74
394_jpg.png,TF,train,0.9570837616920471,4288,2848,4288,2187,49.11
395_JPG.png,Normal,test,0.9188050627708435,3872,2592,3583,1607,34.46
395_jpg.png,Normal,train,0.834447979927063,4288,2848,4288,2122,40.33
396_JPG.png,Normal,val,0.8439844250679016,3872,2592,3455,1442,31.0
396_jpg.png,Normal,test,0.8079526424407959,4288,2848,3750,1354,21.39
397_JPG.png,Normal,test,0.8583036661148071,3872,2592,3076,1595,24.91
397_jpg.png,Normal,val,0.9269233345985413,4288,2848,4288,2022,41.77
398_JPG.png,Normal,train,0.8390502333641052,3872,2592,3404,1242,26.48
398_tana_JPG.png,Normal,test,0.9425428509712219,3008,2000,2910,1138,36.08
399_JPG.png,Normal,train,0.9212639927864075,3872,2592,3482,1480,29.26
39_JPG.png,Normal,train,0.8868340849876404,3872,2592,3477,1471,25.99
3_JPG.png,Normal,train,0.9277204871177673,3872,2592,3198,1460,26.54
400_JPG.png,Normal,val,0.9139759540557861,3872,2592,3076,1838,34.8
400_tana_JPG.png,Normal,train,0.8667939901351929,3008,2000,2954,1101,30.12
401_JPG.png,Normal,train,0.8733698129653931,3872,2592,3531,1846,36.11
401_jpg.png,Normal,train,0.9021713733673096,4288,2848,4228,1681,29.73
402_JPG.png,Normal,train,0.9336037039756775,3872,2592,3440,1560,30.39
402_tana_JPG.png,Normal,train,0.9376718401908875,3008,2000,3008,1192,41.47
403_JPG.png,Normal,val,0.8849186301231384,3872,2592,3281,1648,27.78
403_jpg.png,Normal,train,0.9172113537788391,4288,2848,3802,2102,25.14
404_JPG.png,Normal,val,0.9062312245368958,3872,2592,3017,1506,22.62
404_tana_JPG.png,Normal,train,0.9095891714096069,3008,2000,2815,1175,31.28
405_JPG.png,Normal,val,0.8148709535598755,3872,2592,3384,1994,32.41
405_jpg.png,Normal,train,0.8264079689979553,4288,2848,4288,1463,35.18
406_JPG.png,Normal,val,0.8718750476837158,3872,2592,3517,1783,34.07
406_jpg.png,TF,train,0.9459455013275146,4288,2848,3673,1705,29.34
407_JPG.png,TF,train,0.9180023670196533,3872,2592,3292,1533,29.48
407_jpg.png,Normal,train,0.9427727460861206,4288,2848,4288,1524,36.41
408_JPG.png,Normal,train,0.8257238268852234,3872,2592,3638,1696,35.94
408_tana_JPG.png,TF,val,0.9389617443084717,3008,2000,2627,1117,30.7
409_JPG.png,Normal,train,0.9325233101844788,3872,2592,3524,1602,34.97
409_jpg.png,Normal,train,0.8835190534591675,4288,2848,3830,1877,29.66
40_JPG.png,Normal,train,0.831183910369873,3872,2592,3872,1879,40.29
410_JPG.png,Normal,val,0.815742552280426,3872,2592,2785,1295,19.85
410_jpg.png,Normal,test,0.9354442954063416,4288,2848,4288,1653,39.39
411_JPG.png,Normal,val,0.8891218304634094,3872,2592,3618,1580,31.82
411_tana_JPG.png,Normal,train,0.8427971005439758,3008,2000,3008,1376,44.4
412_JPG.png,Normal,train,0.9296862483024597,3872,2592,3317,1630,28.85
412_jpg.png,TF,train,0.7730609178543091,4288,2848,4135,1775,30.87
413_JPG.png,Normal,val,0.9124186635017395,3872,2592,3289,1467,26.09
414_JPG.png,Normal,train,0.9246068000793457,3872,2592,3313,1318,23.18
415_JPG.png,Normal,train,0.8777987360954285,3872,2592,3369,1696,34.19
416_JPG.png,Normal,train,0.9059630632400513,3872,2592,3209,1564,25.29
416_jpg.png,Normal,val,0.8788233399391174,4288,2848,3405,1331,22.95
417_JPG.png,Normal,test,0.937739372253418,3872,2592,3031,1559,23.8
418_JPG.png,Normal,train,0.9390143156051636,3872,2592,3872,1959,42.58
419_JPG.png,Normal,test,0.938920795917511,3872,2592,3507,1910,35.96
419_jpg.png,TF,train,0.9416317343711853,4288,2848,4153,1862,38.16
41_JPG.png,Normal,train,0.9179311990737915,3872,2592,3256,1935,32.0
420_JPG.png,Normal,train,0.9106341600418091,3872,2592,3318,1614,27.74
420_jpg.png,Normal,train,0.9303576946258545,4288,2848,4288,1037,21.9
421_JPG.png,Normal,test,0.9206819534301758,3872,2592,2577,1365,17.74
421_jpg.png,TF,train,0.879213809967041,4288,2848,3088,1401,14.75
422_JPG.png,Normal,train,0.9389963746070862,3872,2592,3668,1981,47.51
422_jpg.png,Normal,train,0.9118529558181763,4288,2848,4288,1881,40.19
423_JPG.png,Normal,test,0.8886556625366211,3872,2592,3449,1696,33.23
424_JPG.png,Normal,train,0.9236030578613281,3872,2592,3297,1349,24.53
424_jpg.png,Normal,test,0.7308627367019653,4288,2848,4288,1296,31.35
425_JPG.png,Normal,val,0.9450351595878601,3872,2592,3514,1432,25.7
425_jpg.png,Normal,val,0.9394720792770386,4288,2848,4043,1708,33.98
426_JPG.png,Normal,train,0.8163321018218994,3872,2592,3112,1522,24.8
426_tana_JPG.png,Normal,test,0.8919363021850586,3008,2000,3008,1267,37.59
427_JPG.png,Normal,train,0.8790808916091919,3872,2592,3403,1618,29.01
427_tana_JPG.png,TF,train,0.9443748593330383,3008,2000,2844,1129,33.68
428_JPG.png,Normal,train,0.8779367208480835,3872,2592,3110,1497,25.84
428_jpg.png,Normal,train,0.8458458185195923,4288,2848,4288,1602,37.74
429_JPG.png,Normal,train,0.8490704298019409,3872,2592,3591,1373,27.08
429_jpg.png,Normal,test,0.850823163986206,4288,2848,3514,1458,26.6
42_JPG.png,Normal,train,0.9246239066123962,3872,2592,3132,1830,34.29
430_JPG.png,Normal,test,0.8893361687660217,3872,2592,3720,1739,36.97
431_JPG.png,Normal,train,0.8313858509063721,3872,2592,3340,1863,38.88
431_jpg.png,Normal,test,0.9201692938804626,4288,2848,4005,1453,26.69
432_JPG.png,Normal,train,0.7797649502754211,3872,2592,3151,1600,26.6
432_jpg.png,Normal,train,0.6748149394989014,4288,2848,4288,1184,28.93
433_JPG.png,Normal,val,0.7779314517974854,3872,2592,3449,1880,27.17
433_tana_JPG.png,TF,train,0.9218448996543884,3008,2000,3008,1146,35.44
434_JPG.png,Normal,val,0.9123997092247009,3872,2592,3642,1792,37.16
434_jpg.png,Normal,test,0.9374189972877502,4288,2848,4263,2183,33.89
435_JPG.png,Normal,val,0.9515262246131897,3872,2592,3781,1522,31.2
435_jpg.png,Normal,test,0.9137214422225952,4288,2848,4265,1986,37.2
436_JPG.png,Normal,train,0.9212362170219421,3872,2592,3255,1492,23.75
436_jpg.png,Normal,train,0.8761848211288452,4288,2848,4034,1942,24.06
437_JPG.png,Normal,val,0.8874859809875488,3872,2592,3721,1919,40.39
437_jpg.png,TI,train,0.7144694328308105,4288,2848,4288,1641,35.82
438_JPG.png,Normal,train,0.9361356496810913,3872,2592,3600,1541,28.59
438_tana_JPG.png,Normal,val,0.8511004447937012,3008,2000,2773,979,25.14
439_JPG.png,Normal,train,0.9203157424926758,3872,2592,3538,1674,30.37
439_jpg.png,Normal,train,0.9191797971725464,4288,2848,4064,1859,29.22
43_JPG.png,Normal,train,0.9569530487060547,3872,2592,3288,1614,26.66
440_JPG.png,Normal,val,0.89779132604599,3872,2592,3151,1570,34.11
440_tana_JPG.png,Normal,train,0.8917183876037598,3008,2000,2882,1255,27.19
441_JPG.png,Normal,train,0.9144134521484375,3872,2592,3260,1611,30.53
441_jpg.png,Normal,train,0.8248220086097717,4288,2848,3329,1295,18.0
442_JPG.png,Normal,train,0.9456949234008789,3872,2592,3464,1570,31.83
442_jpg.png,Normal,test,0.933044970035553,4288,2848,4288,1775,33.28
443_JPG.png,Normal,test,0.9008581638336182,3872,2592,3222,1543,28.17
443_jpg.png,TF,val,0.9491680264472961,4288,2848,3987,2063,35.91
444_JPG.png,Normal,val,0.8350216150283813,3872,2592,2590,1298,19.5
444_jpg.png,Normal,train,0.8733332753181458,4288,2848,4288,1246,29.12
445_JPG.png,Normal,train,0.9267423748970032,3872,2592,3072,1801,33.2
446_JPG.png,Normal,train,0.5993017554283142,3872,2592,3538,1701,32.1
446_tana_JPG.png,TF,train,0.8996291160583496,3008,2000,3008,1115,38.29
447_JPG.png,Normal,train,0.874565601348877,3872,2592,3174,1777,34.82
447_tana_JPG.png,Normal,test,0.9134173393249512,3008,2000,3008,935,31.6
448_JPG.png,Normal,train,0.9384690523147583,3872,2592,3520,1501,32.35
449_JPG.png,Normal,val,0.945185661315918,3872,2592,3481,1484,27.62
449_jpg.png,Normal,train,0.9586932063102722,4288,2848,4288,2167,43.98
44_JPG.png,Normal,train,0.8127309083938599,3872,2592,3072,1395,24.37
450_JPG.png,Normal,train,0.8143734931945801,3872,2592,3197,1568,26.3
450_jpg.png,Normal,train,0.8402341604232788,4288,2848,4247,1819,26.99
451_JPG.png,Normal,train,0.7864724397659302,3872,2592,3620,1932,28.58
451_jpg.png,TI,train,0.9150393605232239,4288,2848,4155,2052,42.97
452_JPG.png,Normal,train,0.8622787594795227,3872,2592,3355,1697,29.9
453_JPG.png,Normal,train,0.9407212734222412,3872,2592,3481,1733,34.75
454_JPG.png,Normal,train,0.8926284909248352,3872,2592,3483,1698,35.72
454_tana_JPG.png,Normal,train,0.8873693943023682,3008,2000,3008,1174,33.52
455_JPG.png,Normal,train,0.9195928573608398,3872,2592,2670,1285,18.81
456_JPG.png,Normal,train,0.9085484743118286,3872,2592,3109,1985,36.21
456_jpg.png,Normal,train,0.829893946647644,4288,2848,3998,1593,26.9
457_JPG.png,Normal,train,0.9034102559089661,3872,2592,3872,1854,44.34
458_JPG.png,Normal,train,0.9338095784187317,3872,2592,3340,1494,31.27
458_jpg.png,Normal,test,0.8479173183441162,4288,2848,4235,1264,26.33
459_JPG.png,Normal,val,0.9183200597763062,3872,2592,3146,1574,30.92
459_jpg.png,Normal,train,0.9013679623603821,4288,2848,4288,1511,27.83
45_JPG.png,Normal,train,0.8752142786979675,3872,2592,3650,1899,35.64
460_JPG.png,Normal,train,0.9173203110694885,3872,2592,3801,1563,32.48
460_jpg.png,Normal,train,0.9046079516410828,4288,2848,3426,1841,25.26
461_JPG.png,Normal,val,0.9290076494216919,3872,2592,3710,1454,29.55
461_jpg.png,TF,test,0.9091306328773499,4288,2848,4288,1635,33.58
462_JPG.png,Normal,train,0.8618654608726501,3872,2592,3311,1465,28.29
462_jpg.png,Normal,test,0.850723147392273,4288,2848,4288,1468,30.41
463_JPG.png,Normal,train,0.9102432727813721,3872,2592,3473,1611,32.21
463_tana_JPG.png,Normal,val,0.815248429775238,3008,2000,3008,1040,25.46
464_JPG.png,Normal,train,0.9189398288726807,3872,2592,3182,1554,23.55
464_jpg.png,Normal,val,0.8644481301307678,4288,2848,3562,1485,18.16
465_JPG.png,Normal,train,0.9139002561569214,3872,2592,3594,1632,37.56
465_jpg.png,Normal,train,0.9025532007217407,4288,2848,4104,1569,31.98
466_JPG.png,Normal,test,0.9210162162780762,3872,2592,3050,1646,32.81
466_jpg.png,TF,train,0.929634153842926,4288,2848,4288,1642,37.55
467_JPG.png,Normal,train,0.7655428051948547,3872,2592,3671,1285,29.35
467_jpg.png,Normal,train,0.9254522919654846,4288,2848,4258,1570,37.14
468_JPG.png,Normal,train,0.9238359332084656,3872,2592,3872,1665,33.38
468_tana_JPG.png,Normal,train,0.8948010206222534,3008,2000,2967,1054,28.91
469_JPG.png,Normal,val,0.7157014012336731,3872,2592,3872,1372,30.1
469_jpg.png,Normal,train,0.9397315382957458,4288,2848,4288,1590,39.67
46_JPG.png,Normal,val,0.9052895307540894,3872,2592,3788,1888,38.08
470_JPG.png,Normal,train,0.7824692130088806,3872,2592,3584,1587,34.23
470_tana_JPG.png,Normal,train,0.8726590871810913,3008,2000,2834,1012,27.89
471_JPG.png,Normal,train,0.8779693245887756,3872,2592,3872,1813,40.86
471_tana_JPG.png,TI,train,0.9230622053146362,3008,2000,3008,1397,42.7
472_JPG.png,Normal,train,0.8270302414894104,3872,2592,3738,1574,32.98
472_tana_JPG.png,Normal,test,0.9356718063354492,3008,2000,2727,1185,31.93
473_JPG.png,Normal,train,0.9140180945396423,3872,2592,3026,1703,31.43
473_jpg.png,Normal,train,0.939104437828064,4288,2848,4288,1468,36.56
474_JPG.png,Normal,train,0.8623232841491699,3872,2592,3550,1805,31.07
474_tana_JPG.png,TF,train,0.9446548223495483,3008,2000,2796,1171,34.56
475_JPG.png,Normal,train,0.8909121155738831,3872,2592,3872,2040,46.1
475_jpg.png,Normal,train,0.9089877605438232,4288,2848,4288,1736,35.09
476_JPG.png,Normal,train,0.7861601114273071,3872,2592,3828,1603,35.27
476_jpg.png,TF,train,0.9054893851280212,4288,2848,3838,1642,27.77
477_JPG.png,Normal,train,0.7550035715103149,3872,2592,3587,1816,35.52
477_jpg.png,TF,train,0.9316734671592712,4288,2848,4288,1656,32.69
478_JPG.png,Normal,train,0.9517757296562195,3872,2592,3753,1686,39.75
478_jpg.png,Normal,train,0.917009174823761,4288,2848,4229,1933,40.29
479_JPG.png,Normal,train,0.7799147963523865,3872,2592,3532,2172,46.81
479_jpg.png,Normal,val,0.8619661331176758,4288,2848,4227,1285,23.29
47_JPG.png,Normal,train,0.8836567997932434,3872,2592,3614,1896,42.24
480_JPG.png,Normal,train,0.8336265683174133,3872,2592,3306,1644,30.46
480_tana_JPG.png,TF,train,0.9447833299636841,3008,2000,3008,1258,40.18
481_JPG.png,Normal,train,0.9177486300468445,3872,2592,3705,1707,38.5
481_jpg.png,TF,test,0.8844476342201233,4288,2848,3708,1769,29.94
482_JPG.png,Normal,train,0.9020365476608276,3872,2592,3869,1639,32.78
482_jpg.png,TF,test,0.8214476704597473,4288,2848,4142,1390,23.35
483_JPG.png,Normal,train,0.8823274374008179,3872,2592,3396,1963,42.65
483_jpg.png,TF,train,0.8850979804992676,4288,2848,3151,1643,18.76
484_JPG.png,Normal,train,0.9276399612426758,3872,2592,3799,1568,34.62
484_jpg.png,Normal,train,0.9055231809616089,4288,2848,4141,1306,23.73
485_JPG.png,Normal,train,0.9210985898971558,3872,2592,3872,1790,41.45
486_JPG.png,Normal,train,0.518388569355011,3872,2592,3471,1595,33.17
486_jpg.png,Normal,train,0.9205606579780579,4288,2848,4238,1553,28.67
487_JPG.png,Normal,test,0.9394590258598328,3872,2592,3044,1641,32.23
488_JPG.png,Normal,test,0.9111146330833435,3872,2592,3603,1549,31.89
488_jpg.png,TF,train,0.9313338398933411,4288,2848,3857,1756,34.71
489_JPG.png,Normal,train,0.8894124031066895,3872,2592,3231,1761,37.55
489_tana_JPG.png,Normal,train,0.9374596476554871,3008,2000,2785,1160,28.45
48_JPG.png,Normal,train,0.9139840006828308,3872,2592,3469,1734,33.37
490_JPG.png,Normal,train,0.8751126527786255,3872,2592,3464,1503,28.64
490_jpg.png,Normal,train,0.6643513441085815,4288,2848,3722,1743,30.13
491_JPG.png,Normal,train,0.8932000398635864,3872,2592,3738,1644,37.71
491_jpg.png,TF,train,0.9359513521194458,4288,2848,4288,1511,37.25
492_JPG.png,Normal,val,0.7765354514122009,3872,2592,3651,1902,39.15
492_jpg.png,TF,test,0.9009328484535217,4288,2848,3764,1499,23.04
493_JPG.png,Normal,train,0.9497194886207581,3872,2592,3034,1213,21.42
493_jpg.png,Normal,train,0.9399498105049133,4288,2848,4288,1755,36.9
494_JPG.png,Normal,train,0.8444617390632629,3872,2592,3571,1651,33.02
494_jpg.png,Normal,train,0.8472767472267151,4288,2848,3892,1511,24.14
495_JPG.png,Normal,train,0.6124762296676636,3872,2592,3542,1509,31.69
496_JPG.png,Normal,train,0.8681207895278931,3872,2592,3856,1842,38.89
496_jpg.png,Normal,train,0.9187127947807312,4288,2848,4288,1952,39.16
497_JPG.png,TF,train,0.9011598229408264,3872,2592,3243,1943,33.61
498_JPG.png,Normal,val,0.8674351572990417,3872,2592,3569,1789,38.99
498_tana_JPG.png,Normal,train,0.8926887512207031,3008,2000,3008,1062,28.46
499_JPG.png,Normal,train,0.9226914048194885,3872,2592,3859,1748,41.41
499_jpg.png,TI,train,0.906822144985199,4288,2848,3819,1933,37.45
49_JPG.png,Normal,val,0.8273801803588867,3872,2592,3872,1608,31.66
4_JPG.png,Normal,test,0.8612370491027832,3872,2592,3872,1742,33.5
500_JPG.png,Normal,val,0.9442418217658997,3872,2592,3553,1654,31.99
500_tana_JPG.png,Normal,train,0.7647630572319031,3008,2000,3008,1660,58.64
501_JPG.png,Normal,train,0.8828681707382202,3872,2592,3597,1477,27.33
501_jpg.png,Normal,test,0.8795589804649353,4288,2848,3751,1506,24.84
502_JPG.png,Normal,test,0.8898933529853821,3872,2592,3163,1688,30.68
502_jpg.png,Normal,train,0.8694736361503601,4288,2848,3990,1735,33.07
503_JPG.png,Normal,test,0.9116653203964233,3872,2592,3383,1625,32.45
503_jpg.png,Normal,train,0.9545347690582275,4288,2848,4288,2300,50.61
504_JPG.png,Normal,train,0.9024953246116638,3872,2592,3481,1603,30.87
504_jpg.png,Normal,val,0.9178303480148315,4288,2848,4288,2008,39.6
505_JPG.png,Normal,val,0.6815127730369568,3872,2592,3872,1736,38.04
505_jpg.png,Normal,test,0.925109326839447,4288,2848,4211,1503,36.6
506_JPG.png,Normal,val,0.6293729543685913,3872,2592,3872,1565,34.3
506_jpg.png,Normal,train,0.9217565059661865,4288,2848,4288,1748,37.7
507_JPG.png,Normal,train,0.8909273147583008,3872,2592,3672,1569,35.06
507_jpg.png,Normal,test,0.8667120933532715,4288,2848,4288,1881,38.2
508_JPG.png,Normal,train,0.8906106352806091,3872,2592,3395,1388,24.92
508_jpg.png,Normal,train,0.9049647450447083,4288,2848,4288,1770,36.98
509_JPG.png,Normal,val,0.8842435479164124,3872,2592,3504,1081,22.06
509_jpg.png,Normal,train,0.9146860837936401,4288,2848,3458,1860,31.55
50_JPG.png,Normal,train,0.9449780583381653,3872,2592,2841,1504,23.7
510_JPG.png,Normal,test,0.9144931435585022,3872,2592,3426,1552,31.72
510_jpg.png,TF,test,0.7866343259811401,4288,2848,3416,2339,28.52
511_JPG.png,Normal,test,0.914603590965271,3872,2592,3414,1598,31.08
511_jpg.png,Normal,train,0.8808469176292419,4288,2848,4288,1691,36.7
512_JPG.png,Normal,train,0.7320835590362549,3872,2592,3237,1356,24.93
513_JPG.png,Normal,train,0.9105229377746582,3872,2592,3240,1777,33.64
513_jpg.png,Normal,train,0.9145761132240295,4288,2848,3617,1808,25.93
514_JPG.png,Normal,val,0.8969167470932007,3872,2592,3644,1570,30.98
514_jpg.png,Normal,train,0.9051492214202881,4288,2848,3282,1501,21.1
515_JPG.png,Normal,train,0.9023131132125854,3872,2592,3071,1449,28.36
516_JPG.png,Normal,val,0.9254912734031677,3872,2592,3144,1333,23.2
516_jpg.png,TF,train,0.9309080839157104,4288,2848,4288,2512,50.49
517_JPG.png,Normal,test,0.8979944586753845,3872,2592,3868,1813,36.87
517_tana_JPG.png,Normal,train,0.9420592784881592,3008,2000,2634,1190,27.85
518_JPG.png,Normal,train,0.86463463306427,3872,2592,3852,1603,33.39
518_jpg.png,Normal,test,0.8812488317489624,4288,2848,3779,1464,29.06
519_JPG.png,TF,test,0.951368510723114,3872,2592,3358,1665,29.67
51_JPG.png,Normal,train,0.9447778463363647,3872,2592,3722,1809,33.81
520_JPG.png,TF,train,0.935940146446228,3872,2592,3512,1670,35.23
520_jpg.png,Normal,train,0.9150000214576721,4288,2848,4184,2087,42.0
521_JPG.png,TF,val,0.9111675024032593,3872,2592,3377,1568,32.54
521_jpg.png,Normal,train,0.8910189270973206,4288,2848,3971,1411,29.17
522_JPG.png,Normal,val,0.8911032676696777,3872,2592,2750,1289,22.14
522_jpg.png,Normal,val,0.9563202261924744,4288,2848,4288,1723,34.24
523_JPG.png,Normal,train,0.8823267817497253,3872,2592,3051,1361,23.21
524_JPG.png,Normal,test,0.9023465514183044,3872,2592,3400,1465,30.63
524_jpg.png,TF,train,0.8769687414169312,4288,2848,4232,2201,42.92
525_JPG.png,Normal,train,0.8433915972709656,3872,2592,3771,1769,37.14
526_JPG.png,Normal,train,0.8112041354179382,3872,2592,3666,1734,32.89
526_jpg.png,Normal,train,0.9124190211296082,4288,2848,4288,2181,32.21
527_JPG.png,Normal,train,0.7464280128479004,3872,2592,3680,1581,32.51
527_tana_JPG.png,TF,test,0.8221597075462341,3008,2000,2880,1110,38.48
528_JPG.png,Normal,train,0.8657235503196716,3872,2592,3158,1336,23.5
528_tana_JPG.png,TF,train,0.9419806599617004,3008,2000,2926,1348,40.35
529_JPG.png,Normal,train,0.9422534108161926,3872,2592,3849,1917,42.38
529_tana_JPG.png,Normal,train,0.7893977761268616,3008,2000,2212,919,18.11
52_JPG.png,Normal,train,0.8901534676551819,3872,2592,3429,1475,25.88
530_JPG.png,Normal,train,0.8870075941085815,3872,2592,3083,1431,24.06
530_tana_JPG.png,Normal,train,0.9356498718261719,3008,2000,2771,1230,37.17
531_JPG.png,Normal,train,0.9051875472068787,3872,2592,3273,1629,28.81
531_tana_JPG.png,TI,train,0.8571518063545227,3008,2000,2669,1378,35.34
532_JPG.png,Normal,train,0.8844749927520752,3872,2592,3435,1422,25.24
532_jpg.png,Normal,train,0.9213424324989319,4288,2848,4288,1479,33.78
533_JPG.png,Normal,train,0.7225735783576965,3872,2592,3783,1702,35.24
533_jpg.png,Normal,val,0.8778418302536011,4288,2848,3969,1636,26.87
534_JPG.png,Normal,val,0.85284423828125,3872,2592,3688,1587,31.64
534_tana_JPG.png,Normal,train,0.9452725648880005,3008,2000,3008,1476,52.68
535_JPG.png,Normal,test,0.9316741228103638,3872,2592,3062,1520,29.72
536_JPG.png,Normal,train,0.9449692964553833,3872,2592,2922,1330,22.48
536_tana_JPG.png,TF,train,0.8714724183082581,3008,2000,2426,1046,22.76
537_JPG.png,Normal,train,0.8532154560089111,3872,2592,3521,1621,28.61
538_JPG.png,Normal,test,0.8182538747787476,3872,2592,3405,1475,25.92
538_jpg.png,Normal,train,0.9286544919013977,4288,2848,4288,1446,34.25
539_JPG.png,Normal,train,0.9339793920516968,3872,2592,3248,1646,29.9
539_jpg.png,TF,train,0.9364861845970154,4288,2848,4243,1899,37.35
53_JPG.png,Normal,train,0.9186974763870239,3872,2592,3638,1620,32.02
540_JPG.png,Normal,val,0.6714136600494385,3872,2592,3238,1621,25.7
540_jpg.png,Normal,train,0.9019474983215332,4288,2848,4186,1599,31.19
541_JPG.png,Normal,train,0.9092013239860535,3872,2592,3218,1596,29.03
541_jpg.png,Normal,val,0.862326979637146,4288,2848,3040,1631,22.47
542_JPG.png,Normal,train,0.9347039461135864,3872,2592,3422,1642,31.62
542_jpg.png,Normal,train,0.8621026873588562,4288,2848,3908,1787,28.5
543_JPG.png,Normal,val,0.9119881987571716,3872,2592,3463,1895,33.53
543_jpg.png,Normal,train,0.9480873942375183,4288,2848,4288,1860,43.4
544_JPG.png,Normal,train,0.9026349186897278,3872,2592,3469,1967,37.96
544_jpg.png,Normal,test,0.9266583919525146,4288,2848,3868,1702,33.78
545_JPG.png,Normal,train,0.9352127313613892,3872,2592,3109,1324,22.92
545_jpg.png,TI,val,0.9462978839874268,4288,2848,4288,1630,39.07
546_JPG.png,Normal,train,0.8182900547981262,3872,2592,3245,1773,36.05
546_tana_JPG.png,Normal,train,0.8791313767433167,3008,2000,2716,1028,24.24
547_JPG.png,Normal,val,0.9385104775428772,3872,2592,3433,1621,28.77
548_JPG.png,Normal,val,0.8469820022583008,3872,2592,3271,1314,26.44
548_jpg.png,Normal,train,0.9034444689750671,4288,2848,4288,1600,30.86
549_JPG.png,Normal,train,0.8503067493438721,3872,2592,2873,1720,30.29
54_JPG.png,Normal,train,0.9448304176330566,3872,2592,2873,1499,27.02
550_JPG.png,Normal,train,0.7525582909584045,3872,2592,3390,1597,33.18
550_jpg.png,Normal,train,0.900664746761322,4288,2848,4108,1725,32.5
551_JPG.png,Normal,train,0.8028913736343384,3872,2592,3289,1497,27.92
551_tana_JPG.png,TF,train,0.9290343523025513,3008,2000,2665,1367,36.56
552_JPG.png,Normal,train,0.8534600138664246,3872,2592,3358,1411,26.21
552_jpg.png,Normal,train,0.924167275428772,4288,2848,4288,1379,29.89
553_JPG.png,Normal,train,0.9233687520027161,3872,2592,3791,1698,34.43
553_jpg.png,TF,train,0.9240494966506958,4288,2848,4080,1922,37.55
554_JPG.png,Normal,test,0.7540122866630554,3872,2592,3562,1996,38.24
555_JPG.png,Normal,train,0.9212912917137146,3872,2592,3467,1592,31.95
555_jpg.png,Normal,train,0.8617873191833496,4288,2848,3716,1073,18.26
556_JPG.png,Normal,train,0.9041342735290527,3872,2592,3872,1895,41.26
557_JPG.png,Normal,test,0.9108924269676208,3872,2592,3540,1696,30.4
557_jpg.png,Normal,test,0.8733581304550171,4288,2848,4288,1699,23.12
558_JPG.png,Normal,train,0.9176734685897827,3872,2592,3704,1797,37.56
558_jpg.png,Normal,train,0.9253475069999695,4288,2848,4288,1700,27.18
559_JPG.png,Normal,test,0.8318372368812561,3872,2592,2975,1420,21.95
559_jpg.png,Normal,train,0.943015456199646,4288,2848,4288,2015,42.65
55_JPG.png,Normal,train,0.9013873338699341,3872,2592,3473,1766,35.22
560_JPG.png,Normal,train,0.90517657995224,3872,2592,3358,1557,27.66
560_tana_JPG.png,TF,train,0.9463071227073669,3008,2000,2735,1428,38.08
561_JPG.png,Normal,train,0.8941653370857239,3872,2592,3588,1853,31.41
561_jpg.png,Normal,train,0.9134452939033508,4288,2848,3566,1544,18.66
562_JPG.png,Normal,train,0.9305404424667358,3872,2592,3178,1471,26.62
562_tana_JPG.png,Normal,val,0.7641851305961609,3008,2000,2422,914,18.06
563_JPG.png,Normal,train,0.9146755933761597,3872,2592,3574,1698,34.86
563_jpg.png,Normal,train,0.934888482093811,4288,2848,4103,1292,24.76
564_JPG.png,Normal,train,0.9214919209480286,3872,2592,3746,1867,37.7
564_jpg.png,Normal,train,0.8876073360443115,4288,2848,4288,1868,42.24
565_JPG.png,Normal,train,0.8558942675590515,3872,2592,3872,1928,40.4
565_tana_JPG.png,Normal,train,0.9220401048660278,3008,2000,3008,1201,33.88
566_JPG.png,Normal,train,0.8452564477920532,3872,2592,3433,1390,24.65
567_JPG.png,Normal,train,0.8717660307884216,3872,2592,3501,1462,27.02
567_jpg.png,Normal,train,0.911555826663971,4288,2848,4149,1241,24.52
568_JPG.png,Normal,train,0.870112419128418,3872,2592,3291,1345,26.87
568_jpg.png,Normal,train,0.8989700078964233,4288,2848,4073,1443,28.31
569_JPG.png,Normal,train,0.9032080173492432,3872,2592,3624,1475,28.5
569_jpg.png,Normal,train,0.8976064920425415,4288,2848,4288,1926,41.4
56_JPG.png,Normal,val,0.9234433770179749,3872,2592,3448,1419,28.16
570_JPG.png,Normal,train,0.9324500560760498,3872,2592,3872,1830,38.12
570_jpg.png,Normal,train,0.8102244138717651,4288,2848,3742,1842,31.13
571_JPG.png,Normal,train,0.943052351474762,3872,2592,3562,1676,33.99
571_jpg.png,TF,train,0.8629014492034912,4288,2848,4288,1894,36.93
572_JPG.png,Normal,val,0.9286947250366211,3872,2592,3518,1560,32.14
572_jpg.png,Normal,train,0.9161081910133362,4288,2848,3833,1856,29.56
573_JPG.png,Normal,train,0.8748654127120972,3872,2592,3793,1840,33.94
574_JPG.png,Normal,val,0.9002552032470703,3872,2592,3195,2037,38.39
574_jpg.png,Normal,train,0.9483325481414795,4288,2848,3813,1793,31.27
575_jpg.png,Normal,train,0.9142359495162964,4288,2848,4128,1446,26.82
576_JPG.png,Normal,train,0.9440842270851135,3872,2592,3506,1810,37.14
576_jpg.png,Normal,train,0.9435927867889404,4288,2848,3597,1818,31.71
577_JPG.png,Normal,val,0.907877504825592,3872,2592,3455,1493,27.95
577_jpg.png,Normal,test,0.9264703392982483,4288,2848,4288,1490,35.3
578_JPG.png,Normal,train,0.8932758569717407,3872,2592,3543,1885,37.31
578_jpg.png,Normal,train,0.8718544244766235,4288,2848,3934,1403,26.62
579_JPG.png,TF,train,0.9112036824226379,3872,2592,3122,1516,25.33
579_tana_JPG.png,Normal,train,0.9119554758071899,3008,2000,2945,1264,39.71
57_JPG.png,Normal,test,0.8046902418136597,3872,2592,3515,1639,33.29
580_JPG.png,Normal,train,0.8346152901649475,3872,2592,3273,1586,28.13
580_jpg.png,Normal,train,0.9440162181854248,4288,2848,4288,2024,31.04
581_JPG.png,Normal,train,0.7429200410842896,3872,2592,3469,1554,32.79
582_JPG.png,Normal,val,0.7686561346054077,3872,2592,3664,1814,37.43
582_jpg.png,TF,val,0.9109272956848145,4288,2848,4004,1552,31.85
583_JPG.png,Normal,train,0.8650489449501038,3872,2592,3505,1388,24.33
583_jpg.png,TF,train,0.8536892533302307,4288,2848,4207,1802,36.1
584_JPG.png,Normal,val,0.9064372181892395,3872,2592,3679,1550,31.75
584_tana_JPG.png,Normal,train,0.9409022331237793,3008,2000,2892,1132,32.42
585_JPG.png,Normal,train,0.9390743970870972,3872,2592,3770,1648,31.69
585_jpg.png,Normal,train,0.9023299813270569,4288,2848,4192,1486,34.33
586_JPG.png,Normal,train,0.8845674991607666,3872,2592,3282,1755,31.63
586_tana_JPG.png,Normal,test,0.8636064529418945,3008,2000,2881,911,19.92
587_JPG.png,Normal,train,0.8896322250366211,3872,2592,3354,1757,33.83
587_jpg.png,Normal,test,0.8894900679588318,4288,2848,3792,1933,34.83
588_JPG.png,Normal,train,0.8024681210517883,3872,2592,3163,1752,30.24
588_jpg.png,TF,train,0.9195627570152283,4288,2848,4288,2071,37.46
589_JPG.png,Normal,train,0.8207032084465027,3872,2592,2834,1316,21.91
589_jpg.png,TF,train,0.8995391130447388,4288,2848,4288,1691,37.82
58_JPG.png,Normal,test,0.9112781286239624,3872,2592,3319,1658,28.24
590_JPG.png,Normal,test,0.9140062928199768,3872,2592,3651,1690,31.92
590_jpg.png,Normal,train,0.9191482663154602,4288,2848,3099,1085,15.97
591_JPG.png,Normal,test,0.6832352876663208,3872,2592,3867,1733,39.19
591_jpg.png,Normal,train,0.9114029407501221,4288,2848,4151,1721,37.88
592_JPG.png,Normal,train,0.8247360587120056,3872,2592,3224,1612,27.23
592_jpg.png,Normal,test,0.8556964993476868,4288,2848,4288,1678,35.18
593_JPG.png,Normal,val,0.8606563806533813,3872,2592,3597,1880,39.34
593_tana_JPG.png,Normal,test,0.9160764217376709,3008,2000,2918,1096,32.82
594_JPG.png,Normal,val,0.900291919708252,3872,2592,3156,1635,30.85
595_JPG.png,Normal,val,0.8828427195549011,3872,2592,3793,1745,39.83
596_JPG.png,Normal,train,0.8628450036048889,3872,2592,3849,1748,40.35
596_jpg.png,Normal,train,0.9240411520004272,4288,2848,3942,1751,31.74
597_jpg.png,Normal,train,0.8646883368492126,4288,2848,3783,1998,29.34
598_JPG.png,Normal,train,0.9162351489067078,3872,2592,3552,1529,32.33
598_jpg.png,Normal,test,0.9017637372016907,4288,2848,4189,1761,34.63
599_JPG.png,Normal,train,0.6493076682090759,3872,2592,3163,1433,25.21
59_JPG.png,Normal,train,0.8769461512565613,3872,2592,2863,1314,22.16
5_JPG.png,Normal,val,0.84920334815979,3872,2592,3713,1914,43.66
600_JPG.png,Normal,train,0.8712106347084045,3872,2592,3670,1743,33.44
600_jpg.png,Normal,train,0.9196606278419495,4288,2848,2959,1428,16.79
601_JPG.png,Normal,train,0.8384318351745605,3872,2592,3732,1544,31.48
601_jpg.png,TF,train,0.8845465779304504,4288,2848,4288,1661,43.57
602_JPG.png,Normal,test,0.5568612813949585,3872,2592,3232,1744,31.33
602_jpg.png,Normal,train,0.8022202849388123,4288,2848,3551,1458,25.1
603_JPG.png,Normal,test,0.7531864047050476,3872,2592,3872,1577,33.16
603_jpg.png,Normal,train,0.7993775010108948,4288,2848,3736,1409,25.31
604_JPG.png,Normal,train,0.9322265386581421,3872,2592,3509,1728,37.01
604_jpg.png,Normal,train,0.785603940486908,4288,2848,3463,1413,18.24
605_JPG.png,Normal,test,0.8936293125152588,3872,2592,3788,1615,37.93
605_tana_JPG.png,TF,train,0.8671942353248596,3008,2000,2818,1285,38.9
606_JPG.png,Normal,test,0.8776680827140808,3872,2592,3317,1488,28.28
606_jpg.png,Normal,train,0.8621785640716553,4288,2848,3676,1624,28.59
607_JPG.png,Normal,test,0.8209837079048157,3872,2592,3872,1749,45.99
608_JPG.png,Normal,test,0.8609257936477661,3872,2592,3510,1600,30.17
608_tana_JPG.png,Normal,train,0.9008243083953857,3008,2000,3008,1175,34.78
609_JPG.png,Normal,train,0.8065623641014099,3872,2592,3379,1646,34.28
60_JPG.png,Normal,train,0.9080494046211243,3872,2592,3247,1626,32.26
610_JPG.png,Normal,train,0.9117233753204346,3872,2592,3089,1621,30.35
611_JPG.png,Normal,val,0.9283053874969482,3872,2592,3507,1783,32.49
612_JPG.png,Normal,train,0.8985974192619324,3872,2592,3872,1838,45.03
612_tana_JPG.png,Normal,train,0.8479607701301575,3008,2000,2867,1137,33.73
613_JPG.png,Normal,train,0.920559823513031,3872,2592,3396,1487,27.03
613_tana_JPG.png,TI,test,0.8866485357284546,3008,2000,2904,1097,35.11
614_JPG.png,Normal,val,0.9392783045768738,3872,2592,3872,1785,42.83
614_jpg.png,Normal,train,0.787227988243103,4288,2848,3811,1508,19.44
615_JPG.png,Normal,val,0.7735967636108398,3872,2592,3307,1527,28.55
615_jpg.png,Normal,train,0.910301923751831,4288,2848,4243,1726,27.82
616_JPG.png,Normal,train,0.783775806427002,3872,2592,3202,1762,39.0
616_jpg.png,TF,train,0.8689268231391907,4288,2848,3092,1683,23.67
617_JPG.png,Normal,train,0.8813486695289612,3872,2592,2363,1319,21.38
617_jpg.png,TF,train,0.8142864108085632,4288,2848,4280,1704,36.74
618_JPG.png,Normal,train,0.9553728103637695,3872,2592,3743,1742,38.53
619_JPG.png,Normal,train,0.9471343159675598,3872,2592,3769,1702,37.21
619_jpg.png,Normal,test,0.8675596714019775,4288,2848,4230,1922,33.28
61_JPG.png,Normal,val,0.9519116282463074,3872,2592,2863,1359,21.85
620_JPG.png,Normal,train,0.8632709383964539,3872,2592,3696,1592,28.49
620_jpg.png,Normal,test,0.8671401739120483,4288,2848,4001,1497,28.89
621_JPG.png,Normal,val,0.8574004173278809,3872,2592,3872,1961,44.95
621_jpg.png,Normal,val,0.8531495332717896,4288,2848,4288,1877,30.93
622_JPG.png,Normal,train,0.7410058975219727,3872,2592,3729,1593,30.99
622_tana_JPG.png,Normal,train,0.9488426446914673,3008,2000,3008,1183,35.99
623_JPG.png,Normal,train,0.7602009773254395,3872,2592,2938,1589,23.18
623_jpg.png,Normal,train,0.9168983697891235,4288,2848,4029,2131,39.93
624_JPG.png,Normal,train,0.855072021484375,3872,2592,2563,1387,20.15
625_JPG.png,Normal,test,0.901651918888092,3872,2592,3400,1437,26.48
625_jpg.png,TF,train,0.877608060836792,4288,2848,4176,1780,40.16
626_JPG.png,Normal,train,0.9198148846626282,3872,2592,3560,1775,37.62
626_jpg.png,TI,train,0.9035326838493347,4288,2848,4288,2325,40.98
627_JPG.png,Normal,train,0.893772304058075,3872,2592,3350,1814,36.43
627_jpg.png,TF,train,0.8838189840316772,4288,2848,4075,1630,27.2
628_JPG.png,Normal,test,0.9453968405723572,3872,2592,3709,2036,43.43
629_JPG.png,Normal,train,0.9334232807159424,3872,2592,3750,1509,31.43
629_jpg.png,Normal,test,0.901246964931488,4288,2848,4288,1996,43.5
62_JPG.png,Normal,train,0.8790165781974792,3872,2592,2783,1911,28.02
630_JPG.png,Normal,train,0.9082503914833069,3872,2592,3419,1635,33.67
630_tana_JPG.png,Normal,train,0.9295191764831543,3008,2000,2959,1307,39.81
631_JPG.png,Normal,train,0.8396655321121216,3872,2592,3061,1570,24.55
631_jpg.png,Normal,test,0.8914225697517395,4288,2848,3026,1752,23.79
632_JPG.png,Normal,train,0.9026614427566528,3872,2592,3662,1568,30.28
632_jpg.png,Normal,train,0.9512928128242493,4288,2848,3408,1502,24.31
633_JPG.png,Normal,train,0.8451974987983704,3872,2592,3711,1590,33.22
633_jpg.png,TF,val,0.8683425188064575,4288,2848,3708,1354,27.86
634_JPG.png,Normal,test,0.8456137180328369,3872,2592,3516,1587,33.03
634_tana_JPG.png,Normal,train,0.9337471127510071,3008,2000,2544,949,24.87
635_JPG.png,Normal,train,0.9467105865478516,3872,2592,3614,1527,29.43
635_tana_JPG.png,TF,train,0.9033932685852051,3008,2000,3008,1248,34.14
636_JPG.png,Normal,val,0.9383273720741272,3872,2592,3021,1401,23.69
636_tana_JPG.png,Normal,val,0.931661069393158,3008,2000,3008,1315,46.41
637_JPG.png,Normal,train,0.9315345883369446,3872,2592,3872,1956,50.96
637_jpg.png,Normal,val,0.9283130168914795,4288,2848,4288,1950,41.05
638_JPG.png,Normal,val,0.8755730986595154,3872,2592,3439,1435,27.27
638_jpg.png,TI,test,0.8957639336585999,4288,2848,4261,1552,28.23
639_JPG.png,TF,train,0.9413488507270813,3872,2592,3368,1711,31.84
639_jpg.png,TF,train,0.9303132891654968,4288,2848,4288,2257,35.32
63_JPG.png,TF,val,0.9044334888458252,3872,2592,3344,1624,26.85
640_JPG.png,Normal,test,0.9134083390235901,3872,2592,3691,1545,32.39
640_jpg.png,Normal,val,0.8951560854911804,4288,2848,4288,1844,35.96
641_JPG.png,Normal,val,0.8570978045463562,3872,2592,3613,1815,37.96
641_jpg.png,Normal,test,0.8727025985717773,4288,2848,3914,1384,26.2
642_JPG.png,Normal,train,0.9045036435127258,3872,2592,3690,1789,37.54
642_tana_JPG.png,Normal,train,0.9131790995597839,3008,2000,3008,1357,42.74
643_JPG.png,Normal,train,0.9183057546615601,3872,2592,3260,1636,33.86
644_JPG.png,Normal,train,0.9310923218727112,3872,2592,3868,1647,35.27
644_tana_JPG.png,Normal,train,0.9376589059829712,3008,2000,3008,1302,44.62
645_JPG.png,Normal,train,0.9124863147735596,3872,2592,3872,2083,50.84
645_jpg.png,Normal,train,0.9135633707046509,4288,2848,4187,1707,33.1
646_JPG.png,Normal,train,0.916234016418457,3872,2592,3644,1967,40.84
647_JPG.png,Normal,train,0.9349740147590637,3872,2592,3872,1917,46.85
647_tana_JPG.png,Normal,test,0.9272140860557556,3008,2000,3008,1258,35.98
648_JPG.png,Normal,train,0.9134116768836975,3872,2592,3318,1412,27.23
649_JPG.png,Normal,train,0.9526774883270264,3872,2592,3751,1570,33.91
649_jpg.png,Normal,train,0.866167426109314,4288,2848,3833,1368,28.63
64_JPG.png,Normal,train,0.8387352228164673,3872,2592,2987,1613,23.4
650_JPG.png,Normal,val,0.8311768174171448,3872,2592,3644,1880,38.43
650_tana_JPG.png,Normal,train,0.9325040578842163,3008,2000,2966,1202,35.41
651_JPG.png,Normal,train,0.7933915257453918,3872,2592,2304,1513,17.93
651_jpg.png,TI,train,0.9373144507408142,4288,2848,4226,1717,33.88
652_JPG.png,Normal,train,0.9131138920783997,3872,2592,3669,1812,37.18
652_jpg.png,Normal,train,0.7228452563285828,4288,2848,4082,1670,32.07
653_JPG.png,Normal,train,0.9115771055221558,3872,2592,3267,1398,26.43
653_jpg.png,Normal,train,0.8498960733413696,4288,2848,3971,1491,27.61
654_JPG.png,Normal,val,0.6596688032150269,3872,2592,2846,1413,19.63
654_jpg.png,Normal,test,0.897316038608551,4288,2848,2453,1026,12.67
655_JPG.png,Normal,test,0.8674786686897278,3872,2592,3872,1671,47.03
655_jpg.png,Normal,test,0.9088767766952515,4288,2848,4288,1511,31.6
656_JPG.png,Normal,train,0.9061239361763,3872,2592,3872,1850,42.49
656_jpg.png,TF,train,0.8802995681762695,4288,2848,3877,1181,20.61
657_JPG.png,Normal,train,0.8530492186546326,3872,2592,3872,1705,39.74
657_jpg.png,Normal,train,0.903685450553894,4288,2848,3571,1443,24.27
658_JPG.png,Normal,train,0.9159659147262573,3872,2592,3637,1723,35.61
658_jpg.png,Normal,test,0.9369147419929504,4288,2848,4266,1655,34.2
659_JPG.png,TF,train,0.8929591178894043,3872,2592,3233,1502,25.4
659_jpg.png,Normal,train,0.946832001209259,4288,2848,2893,1991,16.88
65_JPG.png,Normal,val,0.8692345023155212,3872,2592,3560,1735,29.32
660_JPG.png,TF,train,0.8833104372024536,3872,2592,3235,1603,29.25
660_jpg.png,TF,val,0.8692511916160583,4288,2848,3082,1558,24.58
661_JPG.png,Normal,train,0.9428860545158386,3872,2592,3872,1771,41.04
661_jpg.png,Normal,val,0.954502284526825,4288,2848,4288,1661,39.71
662_JPG.png,Normal,train,0.9221230149269104,3872,2592,3615,1912,36.73
663_JPG.png,Normal,val,0.9583587050437927,3872,2592,3374,1458,26.84
663_jpg.png,Normal,test,0.8986578583717346,4288,2848,4288,1620,33.67
664_JPG.png,Normal,val,0.9382479786872864,3872,2592,3154,1570,26.06
664_jpg.png,TF,train,0.9400595426559448,4288,2848,3455,1882,34.36
665_JPG.png,Normal,train,0.9008556008338928,3872,2592,3478,1653,33.12
665_jpg.png,Normal,train,0.9233498573303223,4288,2848,4004,1027,21.21
666_JPG.png,Normal,train,0.9258710741996765,3872,2592,3872,1722,45.37
666_jpg.png,Normal,train,0.8742046356201172,4288,2848,4200,1951,35.47
667_JPG.png,Normal,train,0.9432676434516907,3872,2592,3264,1163,21.23
667_jpg.png,Normal,train,0.9428054690361023,4288,2848,3877,1700,28.29
668_JPG.png,Normal,train,0.9176547527313232,3872,2592,3416,1425,27.67
669_JPG.png,Normal,train,0.9127708077430725,3872,2592,3514,1988,40.7
669_jpg.png,Normal,train,0.8687547445297241,4288,2848,4288,1678,27.06
66_JPG.png,Normal,train,0.8228762745857239,3872,2592,3272,1632,32.35
670_JPG.png,Normal,train,0.8338541984558105,3872,2592,3261,1646,30.41
670_jpg.png,Normal,train,0.9318476319313049,4288,2848,4288,2377,41.24
671_JPG.png,Normal,test,0.8800497055053711,3872,2592,3621,1768,34.18
671_tana_JPG.png,TF,val,0.9260267615318298,3008,2000,2444,1164,26.08
672_JPG.png,Normal,train,0.8662164807319641,3872,2592,3600,1658,32.06
672_jpg.png,TF,train,0.9188454151153564,4288,2848,4102,1772,29.28
673_JPG.png,Normal,val,0.622,3872,2592,3872,1992,46.04
673_jpg.png,Normal,train,0.8861480355262756,4288,2848,4288,1570,32.87
674_JPG.png,Normal,train,0.8526273369789124,3872,2592,3479,1652,31.1
674_tana_JPG.png,Normal,train,0.8712104558944702,3008,2000,3008,1180,33.81
675_JPG.png,Normal,train,0.8936043381690979,3872,2592,3872,1856,41.95
675_jpg.png,Normal,train,0.8812718987464905,4288,2848,4288,1702,35.83
676_JPG.png,Normal,train,0.8425423502922058,3872,2592,3119,1464,25.26
676_jpg.png,Normal,val,0.918637752532959,4288,2848,4288,1887,42.95
677_JPG.png,Normal,train,0.8745967745780945,3872,2592,3872,1885,42.09
677_tana_JPG.png,Normal,train,0.9166258573532104,3008,2000,3008,1284,39.23
678_JPG.png,Normal,val,0.876977801322937,3872,2592,3452,1522,27.91
678_jpg.png,TF,train,0.957889974117279,4288,2848,3805,1977,31.05
679_JPG.png,Normal,train,0.9377195239067078,3872,2592,3748,2010,42.87
679_jpg.png,TF,train,0.7833278179168701,4288,2848,3692,1686,26.39
67_JPG.png,Normal,val,0.9017453193664551,3872,2592,3499,1629,32.99
680_JPG.png,Normal,val,0.8775073289871216,3872,2592,3760,1832,38.08
680_jpg.png,Normal,test,0.904358983039856,4288,2848,4288,1371,27.9
681_JPG.png,Normal,train,0.9092445373535156,3872,2592,3809,1648,31.32
682_JPG.png,Normal,train,0.9264351725578308,3872,2592,3760,1567,31.1
683_JPG.png,Normal,train,0.8907914757728577,3872,2592,3643,1830,36.79
683_jpg.png,Normal,train,0.9105024337768555,4288,2848,3853,1723,31.07
684_JPG.png,Normal,train,0.9355393648147583,3872,2592,3787,1749,36.97
685_JPG.png,Normal,train,0.9030972719192505,3872,2592,3801,1876,37.7
685_jpg.png,Normal,val,0.9280350804328918,4288,2848,4288,1835,41.99
686_JPG.png,Normal,test,0.8766019344329834,3872,2592,3668,1823,35.42
686_jpg.png,Normal,test,0.9203944802284241,4288,2848,3946,1425,24.62
687_JPG.png,Normal,train,0.8336721658706665,3872,2592,3068,1418,25.53
687_jpg.png,TF,train,0.9147971868515015,4288,2848,4288,1604,38.34
688_JPG.png,Normal,train,0.9291350841522217,3872,2592,3530,1765,34.56
688_jpg.png,Normal,train,0.757402777671814,4288,2848,4060,1138,21.11
689_JPG.png,Normal,train,0.7463030219078064,3872,2592,3872,1709,36.41
689_jpg.png,Normal,train,0.9232558012008667,4288,2848,4128,1978,38.74
68_JPG.png,Normal,train,0.903027355670929,3872,2592,3593,1725,31.86
690_JPG.png,Normal,val,0.9122363328933716,3872,2592,3716,1774,39.24
690_tana_JPG.png,Normal,train,0.8910396099090576,3008,2000,3008,1252,34.29
691_JPG.png,Normal,val,0.9157805442810059,3872,2592,3803,1794,41.14
691_tana_JPG.png,Normal,test,0.9498253464698792,3008,2000,3008,1192,35.21
692_JPG.png,Normal,test,0.9159973859786987,3872,2592,3479,1476,27.94
692_tana_JPG.png,TF,val,0.9366878271102905,3008,2000,2788,1013,31.38
693_JPG.png,Normal,train,0.9169691205024719,3872,2592,3872,1753,39.5
694_JPG.png,Normal,train,0.8945103287696838,3872,2592,3772,1573,36.07
695_JPG.png,Normal,train,0.9257418513298035,3872,2592,3149,1377,24.75
695_tana_JPG.png,Normal,train,0.8983550667762756,3008,2000,2833,1306,37.3
696_JPG.png,Normal,train,0.8590182662010193,3872,2592,3791,1682,35.57
697_JPG.png,Normal,train,0.9091376066207886,3872,2592,3635,1570,33.33
697_tana_JPG.png,Normal,val,0.9495286345481873,3008,2000,2934,1219,36.32
698_JPG.png,Normal,train,0.8630026578903198,3872,2592,3872,1905,48.8
698_tana_JPG.png,TF,train,0.9467073678970337,3008,2000,2992,1284,41.7
699_JPG.png,Normal,train,0.8549208641052246,3872,2592,3813,1663,32.7
69_JPG.png,Normal,train,0.821900486946106,3872,2592,3468,1520,30.02
6_JPG.png,Normal,train,0.9165207147598267,3872,2592,3597,1355,27.99
700_JPG.png,Normal,train,0.8288607001304626,3872,2592,3472,1859,33.98
700_jpg.png,Normal,train,0.8697975277900696,4288,2848,4221,1593,33.28
701_JPG.png,Normal,train,0.9196245670318604,3872,2592,3430,1701,30.81
702_JPG.png,Normal,val,0.8063548803329468,3872,2592,3580,1746,33.75
703_JPG.png,Normal,val,0.9041451811790466,3872,2592,3682,1801,38.37
704_JPG.png,Normal,train,0.9233343601226807,3872,2592,3872,1872,39.87
704_tana_JPG.png,Normal,val,0.9111294150352478,3008,2000,2543,1380,42.79
705_JPG.png,Normal,val,0.8639426231384277,3872,2592,3221,1272,23.86
705_jpg.png,Normal,test,0.8125947117805481,4288,2848,4288,1318,29.35
706_JPG.png,Normal,train,0.90285325050354,3872,2592,3525,1413,28.64
706_jpg.png,Normal,val,0.8728677034378052,4288,2848,3935,1546,25.93
707_JPG.png,Normal,train,0.8039077520370483,3872,2592,3872,1906,46.01
708_JPG.png,Normal,train,0.8473567366600037,3872,2592,3872,1840,35.9
709_JPG.png,Normal,train,0.8508156538009644,3872,2592,3539,2022,46.98
709_jpg.png,TF,train,0.875635027885437,4288,2848,4202,1418,31.75
70_JPG.png,Normal,train,0.8853840827941895,3872,2592,3096,1513,22.9
710_JPG.png,Normal,train,0.8043150305747986,3872,2592,3551,2106,48.5
710_jpg.png,Normal,test,0.8921900987625122,4288,2848,4288,1774,34.88
711_JPG.png,Normal,train,0.7590223550796509,3872,2592,3679,1800,39.16
712_JPG.png,Normal,train,0.8592865467071533,3872,2592,3420,1705,33.68
712_jpg.png,TF,train,0.8116335272789001,4288,2848,3271,1778,24.8
713_JPG.png,Normal,val,0.7543,3872,2592,3638,1629,37.66
713_jpg.png,Normal,train,0.7140862941741943,4288,2848,4118,1812,27.43
714_JPG.png,Normal,test,0.8111434578895569,3872,2592,3872,1982,51.54
714_jpg.png,Normal,val,0.9401041269302368,4288,2848,4265,1476,24.49
715_JPG.png,Normal,val,0.731544017791748,3872,2592,3617,2154,41.35
715_jpg.png,TF,test,0.7705132961273193,4288,2848,3803,1158,19.83
716_JPG.png,Normal,test,0.8686672449111938,3872,2592,3762,1912,34.98
717_JPG.png,Normal,train,0.9289615750312805,3872,2592,3870,1622,33.96
717_jpg.png,TF,train,0.9454886317253113,4288,2848,4288,1418,28.59
718_JPG.png,Normal,train,0.8831949234008789,3872,2592,3316,1660,35.07
718_tana_JPG.png,Normal,train,0.924565851688385,3008,2000,3008,1352,43.49
719_JPG.png,Normal,train,0.9098801612854004,3872,2592,3703,2055,45.14
719_jpg.png,TF,val,0.8899276852607727,4288,2848,3562,1964,24.35
71_JPG.png,Normal,train,0.9248589277267456,3872,2592,3510,1637,32.97
720_JPG.png,Normal,val,0.9196034073829651,3872,2592,3704,1685,36.96
720_jpg.png,Normal,train,0.924548864364624,4288,2848,4288,2021,41.57
721_JPG.png,Normal,train,0.8061413168907166,3872,2592,3761,1887,45.37
722_JPG.png,Normal,val,0.8140876889228821,3872,2592,3661,1883,36.49
723_JPG.png,Normal,train,0.9480881690979004,3872,2592,3684,1853,41.36
723_jpg.png,TF,train,0.8379043340682983,4288,2848,3120,1018,16.9
724_JPG.png,Normal,train,0.906002402305603,3872,2592,3872,1689,38.36
724_tana_JPG.png,Normal,train,0.894115149974823,3008,2000,3008,1233,27.04
725_JPG.png,Normal,val,0.9528814554214478,3872,2592,3421,1470,29.14
725_jpg.png,Normal,train,0.8219089508056641,4288,2848,3778,1553,19.99
726_JPG.png,Normal,test,0.8654114603996277,3872,2592,3872,1852,36.41
727_JPG.png,Normal,train,0.9249386787414551,3872,2592,3380,1565,29.49
727_tana_JPG.png,TF,train,0.8991945385932922,3008,2000,2750,1244,28.17
728_JPG.png,Normal,val,0.8348441123962402,3872,2592,3649,1629,32.98
729_JPG.png,Normal,train,0.7526266574859619,3872,2592,3644,1611,31.21
729_jpg.png,Normal,test,0.9503911137580872,4288,2848,4120,1817,41.85
72_JPG.png,Normal,train,0.9292799830436707,3872,2592,3340,1986,41.64
730_JPG.png,Normal,val,0.8616006374359131,3872,2592,3688,1579,33.84
730_jpg.png,Normal,train,0.9064528346061707,4288,2848,4162,1733,36.22
731_JPG.png,Normal,train,0.9126521944999695,3872,2592,3228,1423,22.69
731_jpg.png,TF,val,0.9370993375778198,4288,2848,3901,1755,30.6
732_JPG.png,Normal,train,0.8224570751190186,3872,2592,3872,1828,45.66
732_jpg.png,Normal,test,0.9262719750404358,4288,2848,4227,2352,50.49
733_JPG.png,Normal,train,0.8508872985839844,3872,2592,3872,2319,42.37
733_jpg.png,Normal,val,0.9343529343605042,4288,2848,3331,2008,34.77
734_JPG.png,Normal,test,0.8642947673797607,3872,2592,3735,1714,34.81
734_jpg.png,Normal,val,0.9107065796852112,4288,2848,3777,1460,26.75
735_JPG.png,Normal,test,0.9020940065383911,3872,2592,3721,1685,36.67
735_jpg.png,Normal,train,0.8088994026184082,4288,2848,4216,1556,31.19
736_JPG.png,Normal,train,0.8664076328277588,3872,2592,3776,1700,42.69
737_JPG.png,Normal,train,0.7852765321731567,3872,2592,3397,1480,31.31
737_tana_JPG.png,TF,val,0.7898772358894348,3008,2000,2138,806,15.54
738_JPG.png,Normal,train,0.6534696817398071,3872,2592,3201,1521,26.96
739_JPG.png,Normal,train,0.8881428241729736,3872,2592,3373,1777,35.45
739_jpg.png,Normal,train,0.9372051954269409,4288,2848,4288,1484,31.01
73_JPG.png,Normal,train,0.9091466069221497,3872,2592,3683,1513,30.36
740_JPG.png,Normal,test,0.9133253693580627,3872,2592,3644,1625,31.34
740_jpg.png,Normal,train,0.7750092148780823,4288,2848,3959,1124,21.97
741_JPG.png,Normal,train,0.8914895057678223,3872,2592,3281,1595,28.97
742_JPG.png,Normal,train,0.8416659832000732,3872,2592,3114,1493,26.38
743_JPG.png,Normal,train,0.7791308164596558,3872,2592,3397,1912,37.72
743_jpg.png,Normal,train,0.914359450340271,4288,2848,4288,1624,33.74
744_JPG.png,Normal,train,0.8844999670982361,3872,2592,3717,1724,37.6
744_jpg.png,Normal,train,0.9275754690170288,4288,2848,4288,1744,38.65
745_JPG.png,Normal,train,0.8866463899612427,3872,2592,3192,1462,25.18
745_jpg.png,Normal,train,0.9071506261825562,4288,2848,4288,1966,32.98
746_JPG.png,Normal,train,0.8478606343269348,3872,2592,3872,1477,34.72
746_jpg.png,Normal,train,0.9240977764129639,4288,2848,3870,1651,28.41
747_JPG.png,Normal,train,0.9129145741462708,3872,2592,3430,1546,32.84
747_jpg.png,TF,train,0.8593735694885254,4288,2848,4125,1219,24.96
748_JPG.png,Normal,train,0.6412500143051147,3872,2592,3602,1331,30.62
748_jpg.png,Normal,train,0.7571139931678772,4288,2848,3935,1636,25.77
749_JPG.png,Normal,test,0.874000072479248,3872,2592,3872,1680,42.84
749_jpg.png,Normal,test,0.8319268822669983,4288,2848,4222,1703,23.9
74_JPG.png,Normal,val,0.8792868256568909,3872,2592,3273,1553,28.83
750_JPG.png,Normal,train,0.8277340531349182,3872,2592,2476,1084,15.12
751_JPG.png,Normal,train,0.8759706020355225,3872,2592,3668,1802,33.47
751_tana_JPG.png,Normal,train,0.7143464684486389,3008,2000,2528,958,18.81
752_JPG.png,Normal,train,0.7057011127471924,3872,2592,3872,1692,37.72
753_JPG.png,Normal,train,0.9305076003074646,3872,2592,3602,1725,34.18
754_JPG.png,Normal,test,0.8293030261993408,3872,2592,3812,2048,40.5
755_JPG.png,Normal,val,0.9214221239089966,3872,2592,3371,1555,29.9
756_JPG.png,Normal,test,0.8751204609870911,3872,2592,3342,1769,33.97
756_jpg.png,TF,test,0.9534788727760315,4288,2848,4288,1748,42.21
757_JPG.png,Normal,train,0.9282029867172241,3872,2592,3707,1743,36.1
757_jpg.png,TF,val,0.8565773367881775,4288,2848,4043,1751,33.82
758_JPG.png,Normal,test,0.7288262844085693,3872,2592,3741,1990,46.39
758_jpg.png,Normal,train,0.9329506754875183,4288,2848,4288,1943,38.89
759_JPG.png,Normal,train,0.7854315042495728,3872,2592,3872,2135,50.52
75_JPG.png,Normal,val,0.9329513311386108,3872,2592,3410,1717,34.94
760_JPG.png,Normal,train,0.948357105255127,3872,2592,3490,1964,45.96
761_JPG.png,Normal,train,0.8936575055122375,3872,2592,3349,1549,28.06
761_jpg.png,TF,train,0.952756404876709,4288,2848,3791,1375,24.93
762_JPG.png,Normal,val,0.7747058868408203,3872,2592,3025,1472,26.8
762_tana_JPG.png,Normal,test,0.9278496503829956,3008,2000,2922,1399,40.77
763_JPG.png,Normal,train,0.8782291412353516,3872,2592,3872,1640,37.24
764_JPG.png,Normal,train,0.9263966679573059,3872,2592,3681,1610,34.71
764_jpg.png,Normal,val,0.9141611456871033,4288,2848,3295,1741,22.8
765_JPG.png,Normal,train,0.9067808389663696,3872,2592,3634,1743,32.48
766_JPG.png,Normal,train,0.9061601758003235,3872,2592,3787,1641,32.42
766_tana_JPG.png,TF,train,0.9289429783821106,3008,2000,3008,1219,39.36
767_JPG.png,Normal,val,0.943923830986023,3872,2592,3501,2050,41.46
767_jpg.png,Normal,train,0.8665540218353271,4288,2848,4288,1485,31.35
768_JPG.png,Normal,train,0.9118810892105103,3872,2592,3370,1685,36.19
768_tana_JPG.png,Normal,train,0.9067955017089844,3008,2000,3008,1265,39.65
769_JPG.png,Normal,train,0.8973926305770874,3872,2592,3592,1558,30.06
769_jpg.png,TF,train,0.9134778380393982,4288,2848,4149,1965,42.23
76_JPG.png,Normal,train,0.9425258040428162,3872,2592,3138,1279,23.94
770_JPG.png,Normal,test,0.8020721077919006,3872,2592,3872,1891,46.46
770_jpg.png,Normal,train,0.887641191482544,4288,2848,3728,1859,32.59
771_JPG.png,Normal,test,0.8007572293281555,3872,2592,3872,1890,42.92
771_tana_JPG.png,TF,train,0.9326637983322144,3008,2000,2371,1071,23.0
772_JPG.png,Normal,train,0.9063140749931335,3872,2592,3465,1742,32.72
772_jpg.png,Normal,train,0.8534312844276428,4288,2848,4288,1202,25.77
773_JPG.png,Normal,train,0.9335459470748901,3872,2592,3741,1683,38.92
773_tana_JPG.png,Normal,train,0.9062102437019348,3008,2000,3008,1135,35.33
774_JPG.png,Normal,train,0.8834047317504883,3872,2592,3305,1615,28.48
774_jpg.png,Normal,train,0.6197361946105957,4288,2848,4288,2220,38.08
775_JPG.png,Normal,train,0.8939356207847595,3872,2592,3253,1552,26.46
775_tana_JPG.png,Normal,val,0.9407402276992798,3008,2000,3004,1433,41.27
776_JPG.png,Normal,train,0.7691610455513,3872,2592,2965,1354,22.62
776_jpg.png,Normal,val,0.9224867224693298,4288,2848,4288,1960,36.41
777_JPG.png,Normal,train,0.9176528453826904,3872,2592,3562,1840,39.76
777_jpg.png,Normal,train,0.9019168019294739,4288,2848,3663,1472,19.16
778_JPG.png,Normal,train,0.8503897190093994,3872,2592,3872,1531,34.95
778_jpg.png,Normal,train,0.9444916248321533,4288,2848,4288,1807,35.39
779_JPG.png,Normal,train,0.8363330960273743,3872,2592,3857,1270,26.36
77_JPG.png,Normal,train,0.9323540329933167,3872,2592,3495,1481,26.87
780_JPG.png,Normal,train,0.7945361733436584,3872,2592,3164,1376,27.53
780_jpg.png,Normal,train,0.8918924927711487,4288,2848,4040,1536,29.97
781_JPG.png,Normal,val,0.8116839528083801,3872,2592,3626,1706,38.22
781_jpg.png,TF,test,0.8903568983078003,4288,2848,3750,1702,26.04
782_JPG.png,Normal,train,0.8660658001899719,3872,2592,3872,1868,46.83
783_JPG.png,Normal,train,0.8492074608802795,3872,2592,3872,1294,31.1
783_jpg.png,Normal,train,0.8838346004486084,4288,2848,4111,1677,29.89
784_JPG.png,Normal,train,0.8829566836357117,3872,2592,3732,1565,31.89
784_jpg.png,Normal,train,0.9465717077255249,4288,2848,4235,1985,44.84
785_JPG.png,Normal,train,0.8167961835861206,3872,2592,3872,1765,35.43
785_jpg.png,TI,train,0.8956789374351501,4288,2848,4288,1871,30.94
786_JPG.png,Normal,train,0.8935747146606445,3872,2592,3143,1675,28.86
786_jpg.png,Normal,train,0.9083585143089294,4288,2848,4113,1862,36.17
787_JPG.png,Normal,train,0.9106042981147766,3872,2592,3846,1470,32.02
787_jpg.png,Normal,val,0.9092128872871399,4288,2848,4288,2049,32.21
788_JPG.png,Normal,train,0.9346981644630432,3872,2592,3850,1673,32.59
788_jpg.png,Normal,val,0.9267101287841797,4288,2848,3886,1680,29.67
789_JPG.png,Normal,test,0.8879576325416565,3872,2592,3556,1880,36.63
789_jpg.png,TF,train,0.8987922072410583,4288,2848,3807,2148,35.3
78_JPG.png,Normal,train,0.9122808575630188,3872,2592,3872,1130,26.3
790_JPG.png,Normal,val,0.8792543411254883,3872,2592,3493,1405,28.44
790_jpg.png,Normal,train,0.9197360277175903,4288,2848,3874,1993,28.19
791_JPG.png,Normal,train,0.7181646227836609,3872,2592,3855,1905,40.67
791_jpg.png,Normal,test,0.8442812561988831,4288,2848,4145,1617,31.08
792_JPG.png,Normal,train,0.9316396713256836,3872,2592,3353,1459,24.16
792_jpg.png,Normal,train,0.930831253528595,4288,2848,4288,1703,39.8
793_JPG.png,Normal,train,0.9078945517539978,3872,2592,3569,1597,32.43
794_JPG.png,Normal,test,0.7638527154922485,3872,2592,3340,1505,27.72
794_tana_JPG.png,TF,train,0.8642779588699341,3008,2000,2212,918,17.55
795_JPG.png,Normal,train,0.9022623300552368,3872,2592,3482,1511,31.74
796_JPG.png,Normal,train,0.8654989004135132,3872,2592,3542,1697,28.96
797_JPG.png,Normal,train,0.8934813141822815,3872,2592,3829,1767,28.39
797_jpg.png,TF,test,0.8566489219665527,4288,2848,3929,1644,28.0
798_JPG.png,Normal,train,0.7889345288276672,3872,2592,3863,1952,43.84
798_tana_JPG.png,Normal,train,0.9318354725837708,3008,2000,2904,1177,33.37
799_JPG.png,Normal,train,0.7898335456848145,3872,2592,3872,1636,32.95
79_JPG.png,Normal,train,0.8928440809249878,3872,2592,3681,1503,30.71
7_JPG.png,Normal,train,0.9433602690696716,3872,2592,3161,1395,21.64
800_JPG.png,Normal,train,0.9509592056274414,3872,2592,3468,1580,30.31
801_JPG.png,Normal,train,0.8549277186393738,3872,2592,3831,1554,34.05
802_JPG.png,Normal,train,0.8878705501556396,3872,2592,3872,1706,39.1
802_jpg.png,Normal,train,0.8211976289749146,4288,2848,4288,1250,30.0
803_JPG.png,Normal,train,0.9018890261650085,3872,2592,3827,1488,32.56
804_JPG.png,Normal,val,0.9037956595420837,3872,2592,3872,1712,40.17
804_jpg.png,Normal,test,0.8619060516357422,4288,2848,4288,1926,36.87
805_JPG.png,Normal,train,0.881193220615387,3872,2592,3745,1658,34.1
805_jpg.png,Normal,train,0.9220440983772278,4288,2848,4288,1819,40.98
806_JPG.png,Normal,train,0.9265497326850891,3872,2592,3536,1802,40.13
806_jpg.png,Normal,val,0.9111553430557251,4288,2848,3920,1555,32.94
807_JPG.png,Normal,train,0.8929820656776428,3872,2592,3872,1438,30.93
807_jpg.png,Normal,train,0.9342517256736755,4288,2848,4028,2013,44.45
808_JPG.png,Normal,train,0.9033032059669495,3872,2592,3677,1743,39.39
808_jpg.png,Normal,val,0.6732000112533569,4288,2848,4085,1875,20.29
809_JPG.png,Normal,train,0.9386619329452515,3872,2592,3799,1806,40.37
809_jpg.png,Normal,train,0.8979054093360901,4288,2848,4143,1569,28.91
80_JPG.png,TF,test,0.9253625273704529,3872,2592,3537,1674,32.35
810_JPG.png,Normal,train,0.7472317218780518,3872,2592,3137,1873,34.83
810_jpg.png,TF,train,0.9201303124427795,4288,2848,4030,1620,32.43
811_JPG.png,Normal,train,0.8661901354789734,3872,2592,3386,1572,31.71
811_jpg.png,Normal,val,0.9128974080085754,4288,2848,4288,1611,38.12
812_JPG.png,Normal,val,0.822189450263977,3872,2592,3872,1647,39.96
813_JPG.png,Normal,test,0.8054247498512268,3872,2592,3091,1697,30.15
814_JPG.png,Normal,test,0.8508734703063965,3872,2592,3872,1665,34.95
814_jpg.png,Normal,train,0.9021981358528137,4288,2848,3819,1676,32.85
815_JPG.png,Normal,train,0.9123620986938477,3872,2592,3659,1816,38.77
815_jpg.png,Normal,train,0.8439571261405945,4288,2848,3998,1305,24.9
816_JPG.png,Normal,train,0.9037061333656311,3872,2592,3754,1569,37.4
816_tana_JPG.png,TF,train,0.9315119981765747,3008,2000,2422,957,21.66
817_JPG.png,Normal,val,0.8973373770713806,3872,2592,3711,1491,35.53
818_JPG.png,Normal,train,0.7986353039741516,3872,2592,3872,1932,48.61
818_jpg.png,TF,test,0.9216663837432861,4288,2848,2996,1775,26.07
819_JPG.png,Normal,train,0.8775447607040405,3872,2592,3812,1722,37.79
81_JPG.png,TF,val,0.9180676341056824,3872,2592,3495,1587,34.22
820_JPG.png,Normal,train,0.9167858958244324,3872,2592,3516,1677,33.73
820_jpg.png,Normal,train,0.921962559223175,4288,2848,4196,1699,33.35
821_JPG.png,Normal,train,0.7618255019187927,3872,2592,3199,1726,31.38
822_JPG.png,Normal,val,0.8882349133491516,3872,2592,3872,1710,42.71
822_jpg.png,TF,test,0.9225683808326721,4288,2848,4153,2083,42.77
823_JPG.png,Normal,test,0.7931281328201294,3872,2592,3071,1389,24.12
823_jpg.png,Normal,train,0.7581670880317688,4288,2848,4143,1412,28.81
824_JPG.png,Normal,train,0.7635905146598816,3872,2592,3799,1855,41.36
824_jpg.png,TF,train,0.9479855298995972,4288,2848,4078,1753,34.22
825_JPG.png,Normal,train,0.8857203722000122,3872,2592,3872,1614,35.09
825_jpg.png,Normal,val,0.7008800506591797,4288,2848,2932,1193,11.77
826_JPG.png,Normal,val,0.8436154127120972,3872,2592,3872,1550,38.45
827_JPG.png,Normal,train,0.9029566049575806,3872,2592,3872,1815,45.65
828_JPG.png,Normal,train,0.9239500761032104,3872,2592,3872,1727,42.57
828_jpg.png,Normal,train,0.8774121999740601,4288,2848,4288,2091,45.65
829_JPG.png,Normal,test,0.7041689157485962,3872,2592,3784,1850,41.77
829_jpg.png,Normal,train,0.9259922504425049,4288,2848,4277,2012,44.96
82_JPG.png,Normal,val,0.8148605227470398,3872,2592,3129,1683,28.97
830_JPG.png,Normal,train,0.8742913603782654,3872,2592,3838,1393,28.66
830_jpg.png,Normal,train,0.9452551007270813,4288,2848,4288,1915,41.76
831_JPG.png,Normal,train,0.8539493680000305,3872,2592,3122,1841,26.75
831_jpg.png,TF,val,0.9326304793357849,4288,2848,4288,1673,36.7
832_JPG.png,Normal,val,0.7419895529747009,3872,2592,3353,1388,25.18
833_JPG.png,Normal,train,0.8308451175689697,3872,2592,3509,1631,29.55
833_jpg.png,Normal,val,0.8848232626914978,4288,2848,4288,1741,37.44
834_JPG.png,Normal,train,0.8779829144477844,3872,2592,3509,1744,40.37
835_JPG.png,Normal,train,0.8995844721794128,3872,2592,3377,1637,31.69
835_jpg.png,Normal,test,0.7559853196144104,4288,2848,4288,1025,19.55
836_JPG.png,Normal,train,0.9395648241043091,3872,2592,3575,1582,29.77
836_jpg.png,Normal,train,0.9511557221412659,4288,2848,4288,1797,36.66
837_JPG.png,Normal,train,0.9351338744163513,3872,2592,3512,1579,29.82
837_jpg.png,TF,val,0.9136143326759338,4288,2848,3594,1784,29.33
838_JPG.png,Normal,val,0.8805232048034668,3872,2592,3395,1416,25.24
839_JPG.png,Normal,train,0.8868177533149719,3872,2592,3872,1506,34.89
839_jpg.png,TF,train,0.8828741312026978,4288,2848,3844,1798,33.46
83_JPG.png,Normal,train,0.9120877385139465,3872,2592,3347,1752,31.3
840_JPG.png,Normal,train,0.6979424953460693,3872,2592,3872,1765,45.93
840_jpg.png,Normal,train,0.7844356298446655,4288,2848,4069,1746,24.55
841_JPG.png,Normal,train,0.8712279796600342,3872,2592,3529,1691,36.7
842_JPG.png,Normal,val,0.8956100940704346,3872,2592,3656,1482,33.0
843_JPG.png,Normal,train,0.8043637275695801,3872,2592,3597,1520,33.17
843_jpg.png,Normal,train,0.8704073429107666,4288,2848,4272,1259,22.03
844_JPG.png,Normal,train,0.9168422818183899,3872,2592,3872,1585,38.69
844_jpg.png,Normal,test,0.8922586441040039,4288,2848,3779,1359,24.72
845_JPG.png,Normal,train,0.9438517093658447,3872,2592,3349,1506,32.5
845_jpg.png,Normal,val,0.7682108283042908,4288,2848,4288,1670,22.87
846_JPG.png,Normal,train,0.9093688726425171,3872,2592,3661,1699,36.4
846_jpg.png,Normal,train,0.9567763805389404,4288,2848,4288,1871,42.16
847_JPG.png,Normal,train,0.8376102447509766,3872,2592,3185,1720,32.74
847_jpg.png,TF,val,0.9334158301353455,4288,2848,3756,1794,33.02
848_JPG.png,Normal,test,0.9072891473770142,3872,2592,3872,1787,43.13
848_jpg.png,TF,train,0.8990100622177124,4288,2848,3456,1400,25.45
849_JPG.png,Normal,train,0.7248693704605103,3872,2592,3825,2101,42.98
849_jpg.png,Normal,train,0.8959550857543945,4288,2848,4103,1780,33.73
84_JPG.png,Normal,train,0.9509348273277283,3872,2592,3407,1636,34.57
850_JPG.png,Normal,train,0.8068525791168213,3872,2592,3872,1710,42.66
850_jpg.png,TF,val,0.9306697249412537,4288,2848,3657,1965,37.81
851_JPG.png,Normal,train,0.8733717203140259,3872,2592,3344,1665,31.9
851_jpg.png,TI,train,0.9166800379753113,4288,2848,3984,1632,31.84
852_JPG.png,Normal,train,0.9022047519683838,3872,2592,3455,1542,28.18
852_jpg.png,Normal,train,0.9452108144760132,4288,2848,4288,1844,39.84
853_JPG.png,Normal,train,0.8788275122642517,3872,2592,3655,2267,36.03
854_JPG.png,Normal,val,0.7040657997131348,3872,2592,3872,2122,57.11
854_jpg.png,Normal,train,0.9108308553695679,4288,2848,4288,1711,43.38
855_JPG.png,Normal,val,0.8909558057785034,3872,2592,3872,1618,38.72
855_tana_JPG.png,Normal,val,0.9375959038734436,3008,2000,3008,1216,35.54
856_JPG.png,Normal,train,0.8448447585105896,3872,2592,3323,1206,20.81
856_jpg.png,Normal,test,0.8963047862052917,4288,2848,3645,1718,25.33
857_JPG.png,Normal,train,0.9078969359397888,3872,2592,3872,1996,47.72
857_jpg.png,TF,train,0.9002169370651245,4288,2848,4280,2255,43.46
858_JPG.png,Normal,train,0.9439134001731873,3872,2592,3872,2077,44.95
858_jpg.png,Normal,train,0.9559421539306641,4288,2848,4288,1857,39.99
859_JPG.png,Normal,train,0.8387511968612671,3872,2592,3314,1442,28.55
859_jpg.png,TF,train,0.8448634147644043,4288,2848,4119,1890,34.01
85_JPG.png,Normal,val,0.9054489731788635,3872,2592,3450,1688,31.69
860_JPG.png,Normal,train,0.903078019618988,3872,2592,3286,1594,35.12
861_JPG.png,Normal,train,0.8957165479660034,3872,2592,3187,1216,24.33
861_jpg.png,TF,train,0.8451651334762573,4288,2848,3887,1622,26.67
862_JPG.png,Normal,train,0.8071615099906921,3872,2592,3872,1865,43.06
862_jpg.png,Normal,val,0.886728823184967,4288,2848,3771,1356,25.01
863_JPG.png,Normal,train,0.8805156350135803,3872,2592,3742,1402,30.48
864_JPG.png,Normal,train,0.8904412388801575,3872,2592,3872,1750,41.42
865_JPG.png,Normal,test,0.8512347936630249,3872,2592,3298,1545,34.54
865_jpg.png,Normal,test,0.9251721501350403,4288,2848,4288,1969,40.61
866_JPG.png,Normal,test,0.7436026930809021,3872,2592,3313,1192,21.89
867_JPG.png,Normal,test,0.8878459930419922,3872,2592,3814,1280,28.09
868_JPG.png,Normal,train,0.933587372303009,3872,2592,3771,1459,32.2
869_JPG.png,Normal,val,0.9166834950447083,3872,2592,3324,1710,34.39
869_tana_JPG.png,Normal,train,0.8918553590774536,3008,2000,2993,1085,30.86
86_JPG.png,Normal,test,0.9048019051551819,3872,2592,3238,1757,33.51
870_JPG.png,Normal,test,0.6895418763160706,3872,2592,3244,1776,39.06
871_JPG.png,Normal,train,0.8637426495552063,3872,2592,3872,1947,46.51
872_JPG.png,Normal,train,0.9220454096794128,3872,2592,3714,1537,32.93
872_jpg.png,Normal,train,0.926098644733429,4288,2848,4288,1623,36.26
873_JPG.png,Normal,train,0.8931102752685547,3872,2592,3872,1662,38.33
874_JPG.png,Normal,train,0.8899252414703369,3872,2592,3872,1569,34.39
874_jpg.png,TF,val,0.9436558485031128,4288,2848,4288,1675,40.09
875_JPG.png,Normal,train,0.777356743812561,3872,2592,3432,1872,40.5
875_jpg.png,Normal,train,0.9112583994865417,4288,2848,4288,1549,30.6
876_JPG.png,Normal,train,0.9196507334709167,3872,2592,2584,1350,22.23
877_JPG.png,Normal,train,0.8954890966415405,3872,2592,3872,1722,41.64
878_JPG.png,Normal,test,0.9080488085746765,3872,2592,3586,1556,30.64
879_JPG.png,Normal,val,0.9338189959526062,3872,2592,3764,1690,34.77
879_jpg.png,Normal,train,0.9306995272636414,4288,2848,4281,1519,33.58
87_JPG.png,Normal,val,0.9404119253158569,3872,2592,3595,1850,43.55
880_JPG.png,Normal,train,0.8522270917892456,3872,2592,3872,1867,43.3
880_jpg.png,Normal,val,0.923805296421051,4288,2848,4288,1499,26.82
881_JPG.png,Normal,train,0.9438344836235046,3872,2592,3595,1706,38.43
881_jpg.png,TI,val,0.9104790091514587,4288,2848,4051,1504,30.75
882_JPG.png,Normal,train,0.8973077535629272,3872,2592,3744,1478,32.09
882_jpg.png,TF,train,0.9023687243461609,4288,2848,4202,2124,48.07
883_JPG.png,Normal,train,0.9375224709510803,3872,2592,2883,1042,17.85
883_jpg.png,Normal,train,0.8969343304634094,4288,2848,4288,1811,38.99
884_JPG.png,Normal,train,0.9488267302513123,3872,2592,3829,1673,37.04
884_jpg.png,TF,val,0.9385792016983032,4288,2848,3919,1766,39.14
885_JPG.png,Normal,train,0.8968753218650818,3872,2592,3560,1454,24.76
885_tana_JPG.png,Normal,val,0.9098904132843018,3008,2000,3008,1294,40.46
886_JPG.png,Normal,train,0.9447457194328308,3872,2592,3850,1667,36.34
886_jpg.png,Normal,train,0.9413953423500061,4288,2848,4288,1720,37.89
887_JPG.png,TF,train,0.9125328660011292,3872,2592,3723,1929,40.76
887_jpg.png,TI,train,0.9190489053726196,4288,2848,4232,1680,35.75
888_JPG.png,TF,test,0.8788106441497803,3872,2592,3477,1819,36.31
889_JPG.png,Normal,train,0.931605875492096,3872,2592,3409,1235,24.89
889_jpg.png,Normal,train,0.8520328998565674,4288,2848,3702,1228,20.25
88_JPG.png,Normal,train,0.7850692868232727,3872,2592,2723,1720,26.39
890_JPG.png,Normal,train,0.902979850769043,3872,2592,3634,1622,34.59
890_jpg.png,Normal,test,0.9448642730712891,4288,2848,4027,1651,31.0
891_JPG.png,Normal,train,0.9428041577339172,3872,2592,3854,1670,33.75
891_jpg.png,Normal,test,0.9067023992538452,4288,2848,4229,1762,34.75
892_JPG.png,Normal,train,0.7800127863883972,3872,2592,3626,1457,30.91
893_JPG.png,Normal,train,0.9086066484451294,3872,2592,2851,1130,18.33
894_JPG.png,Normal,train,0.9203715324401855,3872,2592,3791,1690,40.22
894_jpg.png,TF,train,0.9364170432090759,4288,2848,4161,1918,39.33
895_JPG.png,Normal,train,0.7636850476264954,3872,2592,3714,1812,29.04
895_jpg.png,Normal,train,0.9166358709335327,4288,2848,3821,1373,23.1
896_JPG.png,Normal,train,0.9081114530563354,3872,2592,3831,1568,33.71
897_JPG.png,Normal,train,0.9056254625320435,3872,2592,3635,1703,38.78
897_jpg.png,Normal,train,0.928789496421814,4288,2848,4288,1809,34.12
898_JPG.png,Normal,train,0.8059364557266235,3872,2592,3481,1721,36.44
898_jpg.png,Normal,train,0.914431095123291,4288,2848,4288,1506,34.08
899_JPG.png,Normal,train,0.7807186841964722,3872,2592,3168,1785,36.56
899_jpg.png,Normal,train,0.9400951862335205,4288,2848,4288,1489,34.14
89_JPG.png,Normal,val,0.9013192057609558,3872,2592,3226,1683,37.91
8_JPG.png,Normal,test,0.9229158759117126,3872,2592,2360,1309,18.49
900_JPG.png,Normal,test,0.8142697811126709,3872,2592,3103,1764,33.8
900_jpg.png,Normal,test,0.9155029654502869,4288,2848,4288,1662,37.12
901_JPG.png,Normal,train,0.8221149444580078,3872,2592,3452,1732,36.35
901_tana_JPG.png,Normal,test,0.946203887462616,3008,2000,2931,1482,38.4
902_JPG.png,TF,test,0.7598384022712708,3872,2592,3872,1617,34.34
902_jpg.png,Normal,train,0.8320602774620056,4288,2848,3722,2284,29.94
903_JPG.png,TF,train,0.8240824341773987,3872,2592,3872,1511,34.13
903_jpg.png,Normal,train,0.9324992895126343,4288,2848,4203,1740,30.98
904_JPG.png,TF,train,0.6376623511314392,3872,2592,3523,1322,28.0
905_JPG.png,Normal,train,0.8916123509407043,3872,2592,3872,1228,28.14
905_jpg.png,Normal,train,0.7629673480987549,4288,2848,3616,2048,29.59
906_JPG.png,Normal,train,0.8682435154914856,3872,2592,3641,1547,35.17
906_jpg.png,Normal,train,0.7311882972717285,4288,2848,3509,1167,19.12
907_JPG.png,Normal,train,0.8932154774665833,3872,2592,3458,1533,31.13
907_tana_JPG.png,Normal,train,0.9205601215362549,3008,2000,2653,1308,37.35
908_JPG.png,Normal,train,0.7272022366523743,3872,2592,3872,1538,34.64
908_jpg.png,Normal,train,0.8940881490707397,4288,2848,3982,1643,31.48
909_JPG.png,Normal,train,0.763880729675293,3872,2592,2492,1404,24.26
909_jpg.png,TI,test,0.9410728216171265,4288,2848,4255,2384,44.84
90_JPG.png,Normal,val,0.9025347828865051,3872,2592,3555,1767,37.7
910_JPG.png,Normal,train,0.8821901679039001,3872,2592,3872,1686,38.55
910_jpg.png,TF,test,0.9105626940727234,4288,2848,4288,1678,39.11
911_JPG.png,Normal,train,0.8050748109817505,3872,2592,3646,1242,25.75
911_jpg.png,Normal,train,0.949501097202301,4288,2848,4174,1641,33.74
912_JPG.png,Normal,train,0.8574475049972534,3872,2592,3215,1564,28.28
913_JPG.png,Normal,train,0.8977506756782532,3872,2592,3491,1646,31.07
913_tana_JPG.png,Normal,test,0.9217132925987244,3008,2000,3008,1241,39.68
914_JPG.png,Normal,train,0.6401854753494263,3872,2592,3872,1853,52.61
914_jpg.png,Normal,train,0.8603562116622925,4288,2848,4023,1728,31.44
915_JPG.png,Normal,train,0.7674272060394287,3872,2592,3556,1757,36.59
916_JPG.png,Normal,train,0.8568611145019531,3872,2592,3341,1528,27.36
916_jpg.png,TF,val,0.9103872776031494,4288,2848,4143,1771,36.88
917_JPG.png,Normal,train,0.8994849324226379,3872,2592,3587,1640,30.57
917_jpg.png,Normal,train,0.9183269739151001,4288,2848,4186,2008,38.01
918_JPG.png,Normal,train,0.8594629168510437,3872,2592,3775,1850,47.72
918_jpg.png,Normal,train,0.8887543082237244,4288,2848,4288,2013,37.55
919_JPG.png,Normal,train,0.873709499835968,3872,2592,3666,1623,36.03
919_jpg.png,Normal,train,0.893426239490509,4288,2848,4116,2407,41.04
91_JPG.png,Normal,train,0.949383020401001,3872,2592,3500,1532,32.21
920_JPG.png,Normal,val,0.8723133206367493,3872,2592,3437,1836,27.94
920_jpg.png,Normal,train,0.8467516899108887,4288,2848,3815,1854,25.97
921_JPG.png,Normal,train,0.8921384215354919,3872,2592,3245,1714,26.94
921_jpg.png,Normal,val,0.8711662888526917,4288,2848,4288,1564,30.38
922_JPG.png,Normal,train,0.8610787987709045,3872,2592,3534,2037,42.71
922_jpg.png,Normal,train,0.8394470810890198,4288,2848,3868,1380,28.43
923_JPG.png,TF,train,0.8504349589347839,3872,2592,3312,1704,31.08
924_JPG.png,Normal,train,0.8930419683456421,3872,2592,3872,1753,35.16
924_jpg.png,Normal,val,0.9018333554267883,4288,2848,4227,1186,23.97
925_JPG.png,Normal,val,0.8942828178405762,3872,2592,3872,1632,41.15
926_JPG.png,Normal,train,0.8400755524635315,3872,2592,3695,1632,35.21
926_tana_JPG.png,Normal,train,0.9374371767044067,3008,2000,2761,1087,28.45
927_JPG.png,Normal,test,0.9061447978019714,3872,2592,3097,1683,28.67
927_tana_JPG.png,Normal,train,0.8493236303329468,3008,2000,2914,1109,34.11
928_JPG.png,Normal,train,0.8709436058998108,3872,2592,3322,1282,24.5
928_jpg.png,Normal,train,0.8165386915206909,4288,2848,3275,1676,22.11
929_JPG.png,Normal,train,0.7387707829475403,3872,2592,3763,1636,36.41
929_jpg.png,Normal,val,0.9404361248016357,4288,2848,4288,1786,34.8
92_JPG.png,Normal,val,0.9005407691001892,3872,2592,3656,1507,35.31
930_JPG.png,Normal,train,0.9437733888626099,3872,2592,3472,1216,23.99
931_JPG.png,Normal,train,0.5047167539596558,3872,2592,3652,1581,35.6
931_tana_JPG.png,Normal,train,0.8642011880874634,3008,2000,3008,998,29.93
932_JPG.png,Normal,train,0.8035970330238342,3872,2592,3829,1707,39.05
933_JPG.png,Normal,test,0.7432546615600586,3872,2592,3062,1560,24.3
934_JPG.png,Normal,val,0.6657953858375549,3872,2592,3872,1851,44.07
934_jpg.png,Normal,train,0.8754624128341675,4288,2848,4119,2066,33.17
935_JPG.png,Normal,train,0.56000155210495,3872,2592,3872,1927,50.55
935_tana_JPG.png,Normal,train,0.6849340200424194,3008,2000,2963,1162,35.01
936_JPG.png,Normal,train,0.762685239315033,3872,2592,3872,1765,42.63
936_jpg.png,Normal,test,0.8710001707077026,4288,2848,4288,1295,27.69
937_JPG.png,Normal,train,0.8692944645881653,3872,2592,3396,1343,24.62
937_jpg.png,Normal,val,0.9452968239784241,4288,2848,4288,2030,45.37
938_JPG.png,TF,train,0.9013125896453857,3872,2592,3416,1329,27.42
938_jpg.png,Normal,train,0.8537164926528931,4288,2848,3758,1357,21.9
939_JPG.png,TF,test,0.8984896540641785,3872,2592,3516,1151,21.68
93_JPG.png,Normal,test,0.9173199534416199,3872,2592,3450,1602,31.02
940_JPG.png,Normal,train,0.6923220157623291,3872,2592,3827,1945,49.5
941_JPG.png,Normal,train,0.8165366649627686,3872,2592,3678,1643,39.97
941_jpg.png,Normal,val,0.9133204817771912,4288,2848,4288,2035,31.85
942_JPG.png,Normal,train,0.8345916867256165,3872,2592,3872,1637,32.22
943_JPG.png,Normal,train,0.6932,3872,2592,3872,1918,42.23
943_jpg.png,TF,test,0.9378277659416199,4288,2848,4155,1846,31.16
944_JPG.png,Normal,test,0.9483692646026611,3872,2592,3624,1403,26.79
945_JPG.png,Normal,train,0.9045268297195435,3872,2592,3821,1492,33.57
945_jpg.png,Normal,train,0.9435296654701233,4288,2848,4188,1689,36.94
946_JPG.png,Normal,train,0.8983023762702942,3872,2592,3341,1233,25.94
947_JPG.png,Normal,train,0.83562833070755,3872,2592,3586,1286,25.78
947_jpg.png,Normal,test,0.9298169612884521,4288,2848,4288,1972,44.2
948_JPG.png,Normal,train,0.928365170955658,3872,2592,3223,1625,27.92
948_jpg.png,Normal,train,0.9096847772598267,4288,2848,4197,1746,37.32
949_JPG.png,Normal,train,0.8181667923927307,3872,2592,3104,1424,23.83
94_JPG.png,Normal,train,0.8659746646881104,3872,2592,3068,1388,22.5
950_JPG.png,Normal,train,0.7892783880233765,3872,2592,3872,1849,47.52
950_tana_JPG.png,TI,train,0.8675114512443542,3008,2000,3008,992,33.47
951_JPG.png,Normal,train,0.7293365597724915,3872,2592,3872,1689,41.33
951_jpg.png,Normal,train,0.9155710935592651,4288,2848,3693,1745,28.61
952_JPG.png,Normal,train,0.9244235754013062,3872,2592,3872,1786,37.78
952_jpg.png,TF,val,0.8883194327354431,4288,2848,4288,2091,44.05
953_JPG.png,Normal,val,0.8661483526229858,3872,2592,3763,1581,34.27
953_jpg.png,Normal,test,0.7313303351402283,4288,2848,4056,1245,25.68
954_JPG.png,Normal,test,0.8867000341415405,3872,2592,3494,1543,32.12
954_jpg.png,Normal,train,0.8584392070770264,4288,2848,3622,1535,23.73
955_JPG.png,Normal,test,0.9207826256752014,3872,2592,3039,1680,25.9
955_jpg.png,Normal,train,0.8209622502326965,4288,2848,3858,1633,26.31
956_JPG.png,Normal,train,0.9109320044517517,3872,2592,2845,1284,21.32
956_jpg.png,TF,test,0.9403279423713684,4288,2848,3955,1974,36.58
957_JPG.png,Normal,test,0.8943864703178406,3872,2592,3530,1941,37.37
957_jpg.png,Normal,train,0.840019702911377,4288,2848,4288,1609,24.82
958_JPG.png,Normal,train,0.7268117666244507,3872,2592,3217,1252,22.75
959_JPG.png,TF,train,0.8589082956314087,3872,2592,3383,1455,27.05
959_tana_JPG.png,Normal,train,0.9098291397094727,3008,2000,2966,1399,38.18
95_JPG.png,Normal,train,0.8717693090438843,3872,2592,3872,1835,45.66
960_JPG.png,TF,train,0.8768064379692078,3872,2592,3510,1502,30.6
961_JPG.png,Normal,train,0.7042334675788879,3872,2592,3872,1854,26.04
962_JPG.png,Normal,train,0.8670749664306641,3872,2592,3545,1500,29.59
963_JPG.png,Normal,train,0.9114080667495728,3872,2592,3225,1643,30.66
963_jpg.png,TF,test,0.8260918259620667,4288,2848,4078,1299,26.65
964_JPG.png,Normal,train,0.9061436653137207,3872,2592,3872,1752,37.43
964_tana_JPG.png,Normal,train,0.8758857250213623,3008,2000,3008,988,32.69
965_JPG.png,Normal,train,0.9011451601982117,3872,2592,3019,1397,24.21
966_JPG.png,Normal,test,0.688505232334137,3872,2592,3581,1481,25.89
966_jpg.png,Normal,train,0.8976500034332275,4288,2848,4288,1556,33.1
967_JPG.png,Normal,test,0.871200442314148,3872,2592,2766,1248,19.29
967_jpg.png,Normal,val,0.9061533212661743,4288,2848,4217,1351,29.07
968_JPG.png,Normal,val,0.904857337474823,3872,2592,3872,1570,33.75
969_JPG.png,Normal,train,0.9266214966773987,3872,2592,3615,1790,34.57
969_jpg.png,TI,val,0.9560849070549011,4288,2848,4277,2043,43.05
96_JPG.png,Normal,train,0.9277036190032959,3872,2592,3274,1491,30.27
970_JPG.png,Normal,val,0.8998864889144897,3872,2592,3817,1546,33.5
970_jpg.png,TF,train,0.8031424880027771,4288,2848,4178,2066,38.62
971_JPG.png,Normal,train,0.8846339583396912,3872,2592,3547,1424,29.94
972_JPG.png,Normal,train,0.7552026510238647,3872,2592,3443,1232,25.68
972_jpg.png,Normal,train,0.925744891166687,4288,2848,4288,1610,35.14
973_JPG.png,Normal,val,0.8873993158340454,3872,2592,3300,1624,33.5
973_jpg.png,Normal,train,0.8849155902862549,4288,2848,4119,2240,32.13
974_JPG.png,Normal,test,0.9003733396530151,3872,2592,3847,1911,43.38
975_JPG.png,Normal,val,0.8930495381355286,3872,2592,3147,1419,26.78
975_jpg.png,Normal,train,0.879819929599762,4288,2848,4147,2495,31.53
976_JPG.png,Normal,train,0.8885848522186279,3872,2592,3155,1454,24.89
976_jpg.png,Normal,test,0.6891240477561951,4288,2848,4110,1428,20.75
977_JPG.png,Normal,train,0.8862128853797913,3872,2592,3656,1479,28.06
977_tana_JPG.png,Normal,train,0.8975433707237244,3008,2000,3008,1281,40.59
978_JPG.png,Normal,train,0.9132005572319031,3872,2592,3647,1719,33.9
978_jpg.png,Normal,train,0.9287683367729187,4288,2848,4288,1853,43.02
979_JPG.png,Normal,train,0.806406557559967,3872,2592,3330,1441,26.87
979_jpg.png,Normal,train,0.8951787352561951,4288,2848,4288,1877,36.79
97_JPG.png,Normal,train,0.903782069683075,3872,2592,3501,1306,25.56
980_JPG.png,Normal,train,0.7251794338226318,3872,2592,3862,1956,45.75
980_jpg.png,Normal,train,0.9318519234657288,4288,2848,4244,1864,38.65
981_JPG.png,Normal,train,0.8279097080230713,3872,2592,3348,1745,34.62
982_JPG.png,Normal,train,0.8608811497688293,3872,2592,3454,2072,39.03
983_JPG.png,Normal,train,0.8842891454696655,3872,2592,3232,1248,24.17
983_jpg.png,TF,train,0.7652077674865723,4288,2848,4047,1667,32.72
984_JPG.png,Normal,train,0.8516807556152344,3872,2592,3785,1679,39.78
984_jpg.png,Normal,train,0.9482461810112,4288,2848,3766,1463,25.19
985_JPG.png,Normal,train,0.6987846493721008,3872,2592,3872,1528,33.96
986_JPG.png,Normal,val,0.8730738162994385,3872,2592,3811,1769,36.33
986_jpg.png,Normal,train,0.9309556484222412,4288,2848,4115,2212,38.61
987_JPG.png,Normal,train,0.9338122606277466,3872,2592,3135,1472,27.53
987_tana_JPG.png,Normal,train,0.8480634689331055,3008,2000,1735,1039,14.85
988_JPG.png,Normal,train,0.7876358032226562,3872,2592,3373,1846,36.34
988_jpg.png,Normal,train,0.7049437761306763,4288,2848,4040,1572,26.59
989_JPG.png,Normal,train,0.9033329486846924,3872,2592,3872,1882,47.88
989_tana_JPG.png,TF,train,0.9263454079627991,3008,2000,3008,1145,41.21
98_JPG.png,Normal,train,0.870907723903656,3872,2592,3817,1767,41.2
990_JPG.png,Normal,train,0.9290191531181335,3872,2592,3872,1867,45.8
990_jpg.png,Normal,train,0.7858587503433228,4288,2848,4198,1441,30.9
991_JPG.png,Normal,val,0.9150446653366089,3872,2592,3026,1228,23.91
991_tana_JPG.png,TI,train,0.9368453025817871,3008,2000,3008,1282,39.1
992_JPG.png,Normal,test,0.7697528600692749,3872,2592,3482,1330,27.57
993_JPG.png,Normal,train,0.8682005405426025,3872,2592,3872,1894,49.6
993_jpg.png,Normal,train,0.8180125951766968,4288,2848,4288,1793,31.21
994_JPG.png,Normal,val,0.8282619118690491,3872,2592,3797,1579,35.8
994_jpg.png,TF,val,0.893852710723877,4288,2848,3404,1551,24.43
995_JPG.png,Normal,train,0.9557746648788452,3872,2592,3103,1467,26.27
996_JPG.png,Normal,train,0.8949097990989685,3872,2592,3464,1564,31.32
996_jpg.png,Normal,train,0.9287950396537781,4288,2848,4288,1989,41.46
997_JPG.png,Normal,train,0.8683897256851196,3872,2592,3282,1469,29.46
998_JPG.png,Normal,train,0.8413678407669067,3872,2592,3649,1657,38.22
998_jpg.png,Normal,train,0.9007716178894043,4288,2848,4222,1545,29.31
999_JPG.png,Normal,val,0.904110848903656,3872,2592,3796,1823,37.19
999_jpg.png,Normal,train,0.9006755352020264,4288,2848,3798,1719,26.18
99_JPG.png,Normal,test,0.8551099300384521,3872,2592,3574,1283,24.68
9_JPG.png,Normal,train,0.9208927154541016,3872,2592,3059,2034,34.32
IMG_0001_JPG.png,Normal,train,0.8087949752807617,643,482,452,173,15.57
image0614_jpg.png,TF,train,0.9185124635696411,6588,4329,3435,1705,11.5
image0615_jpg.png,Normal,val,0.918036699295044,6618,4354,4021,1582,13.06
image0616_jpg.png,TF,train,0.8312757611274719,6584,4420,3369,1609,9.85
image0617_jpg.png,TF,train,0.9316946268081665,6640,4404,3908,1656,13.64
image0618_jpg.png,Normal,test,0.8256925344467163,6564,4368,3003,1202,6.45
image0619_jpg.png,Normal,train,0.9536606073379517,6621,4302,4049,1439,12.73
image0620_jpg.png,Normal,train,0.9285926222801208,6602,4402,3878,1531,11.85
image0621_jpg.png,TF,val,0.825931191444397,6622,4336,3047,1350,8.37
image0622_jpg.png,Normal,train,0.9232433438301086,6559,4396,3708,1742,13.07
image0623_jpg.png,Normal,val,0.9090903997421265,6641,4334,3751,1388,11.15
image0624_jpg.png,Normal,train,0.9072477221488953,6638,4354,3994,1480,11.47
image0625_jpg.png,Normal,test,0.8922441601753235,6622,4380,3138,1321,8.49
image0626_jpg.png,Normal,train,0.9399157762527466,6641,4348,3752,1744,12.59
image0627_jpg.png,TF,test,0.8622276782989502,6641,4314,3759,1450,10.81
image0628_jpg.png,Normal,train,0.9041411280632019,6614,4380,3845,1692,13.6
image0629_jpg.png,TF,val,0.8949602842330933,6634,4346,3415,1250,8.62
image0630_jpg.png,TF,train,0.9276800751686096,6626,4346,3844,1551,11.36
image0631_jpg.png,Normal,val,0.9295114874839783,6602,4362,4204,1788,15.78
image0635_jpg.png,TF,train,0.9188552498817444,9769,6455,5173,2567,11.77
image0636_jpg.png,Normal,train,0.9143175482749939,9804,6600,5968,2370,13.09
image0637_jpg.png,TF,train,0.676417887210846,10002,6480,5427,2429,10.76
image0638_jpg.png,TF,train,0.9345843195915222,9912,6611,5859,2472,13.66
image0639_jpg.png,Normal,test,0.8181158304214478,9933,6662,4367,1814,6.29
image0640_jpg.png,Normal,train,0.9490293264389038,9926,6391,6077,2149,12.86
image0641_jpg.png,Normal,train,0.9283161759376526,9922,6542,5814,2289,11.94
image0643_jpg.png,Normal,test,0.9203486442565918,9821,6639,5474,2613,12.69
image0644_jpg.png,TF,train,0.916300892829895,9928,6494,5646,2130,11.24
image0645_jpg.png,Normal,train,0.9005813598632812,9961,6513,6000,2216,11.51
image0646_jpg.png,Normal,train,0.9018840789794922,9944,6501,4698,1982,8.54
image0647_jpg.png,Normal,test,0.9336678981781006,9925,6631,5626,2607,12.41
image0648_jpg.png,Normal,train,0.7810970544815063,9908,6483,5650,2276,11.31
image0649_jpg.png,Normal,train,0.9007453322410583,9961,6522,5775,2476,13.49
image0650_jpg.png,TF,train,0.8965523838996887,9944,6578,5155,1875,8.58
image0651_jpg.png,TF,train,0.9372544288635254,9922,6492,5751,2301,11.38
image0652_jpg.png,Normal,train,0.9286481738090515,9914,6501,6307,2682,15.84
image0654_jpg.png,TF,test,0.8827682733535767,9903,6661,4699,1868,7.36
image0655_jpg.png,Normal,val,0.9073313474655151,9933,6660,4645,2254,9.14
image0656_jpg.png,Normal,test,0.9373447299003601,9903,6662,4282,2396,9.37
image0657_jpg.png,Normal,test,0.9082053303718567,9933,6631,4960,2040,9.58
image0658_jpg.png,Normal,train,0.9055094718933105,9933,6660,6568,2252,13.22
image0659_jpg.png,Normal,train,0.9405733942985535,9903,6631,5703,3264,14.98
image0660_jpg.png,Normal,train,0.8828201293945312,9933,6660,5238,2194,10.71
image0662_jpg.png,Normal,train,0.7332507371902466,9961,6662,5998,2273,10.33
image0665_jpg.png,TF,train,0.8470727205276489,9871,6661,4434,2014,7.71
image0666_jpg.png,Normal,train,0.9143285751342773,9931,6693,6283,2500,13.92
image0667_jpg.png,Normal,train,0.8777063488960266,9933,6631,6395,2295,13.12
image0668_jpg.png,Normal,train,0.9436590671539307,9901,6633,6192,2469,13.09
image0669_jpg.png,Normal,train,0.8431176543235779,9933,6631,5035,1888,7.46
image0670_jpg.png,Normal,train,0.8919020891189575,9961,6660,6397,2285,13.0
image0671_jpg.png,Normal,train,0.9157857298851013,9903,6630,5749,2563,12.77
image0674_jpg.png,Normal,train,0.8314663171768188,10035,6408,4700,1901,7.36
